elbo,-kl,log_px,log_py
-2.86385,-1.52681,-1.38143,-1.32974
-2.72392,-1.47951,-1.2141,-1.36188
-4.66848,-1.39335,-2.10817,-2.42097
-3.33047,-1.38873,-1.31891,-1.87269
-3.79088,-1.35986,-2.00627,-1.64862
-2.97333,-1.31269,-1.40624,-1.43581
-2.10925,-1.26486,-1.0546,-0.928166
-3.0322,-1.2346,-1.54767,-1.36107
-3.0505,-1.19354,-1.39887,-1.53228
-2.73588,-1.15827,-1.34911,-1.27095
-2.99276,-1.12862,-1.47851,-1.40138
-3.61649,-1.09964,-1.69414,-1.81238
-3.222,-1.06494,-1.52877,-1.58673
-2.92798,-1.02997,-1.34025,-1.48474
-3.77993,-1.01199,-1.74355,-1.93519
-1.37183,-0.95348,-0.64313,-0.633355
-4.08435,-0.937941,-1.99275,-1.99781
-2.81671,-0.923376,-1.42307,-1.3013
-3.41824,-0.908825,-1.55006,-1.7773
-4.38363,-0.904417,-2.18513,-2.10806
-3.1524,-0.866938,-1.62171,-1.444
-2.7644,-0.837792,-1.3994,-1.28122
-4.80039,-0.833914,-2.24034,-2.47666
-2.55599,-0.791,-1.16521,-1.31168
-2.68822,-0.779683,-1.2624,-1.34785
-2.35161,-0.765265,-1.19329,-1.0818
-2.51841,-0.748709,-1.20502,-1.23852
-2.56857,-0.73526,-1.24443,-1.25062
-4.14518,-0.756561,-2.11612,-1.9534
-2.64092,-0.711733,-1.2975,-1.27224
-5.12032,-0.738733,-2.24566,-2.80079
-2.79014,-0.692019,-1.32946,-1.39147
-4.67829,-0.714498,-1.89694,-2.7099
-3.96173,-0.702205,-1.80231,-2.0892
-2.79472,-0.669966,-1.35897,-1.36875
-3.53896,-0.692408,-1.82185,-1.64787
-2.87283,-0.660635,-1.45599,-1.35077
-3.22699,-0.669554,-1.56089,-1.59915
-2.97746,-0.655553,-1.46177,-1.45014
-2.79507,-0.657896,-1.45677,-1.2725
-1.61256,-0.60437,-0.727075,-0.825045
-2.66053,-0.638381,-1.34522,-1.25148
-2.5241,-0.627392,-1.16881,-1.29254
-2.59138,-0.612231,-1.10113,-1.42903
-2.75126,-0.62376,-1.28502,-1.40387
-3.11898,-0.63955,-1.4888,-1.56623
-3.0023,-0.623475,-1.40693,-1.53302
-3.76784,-0.689525,-1.80008,-1.89881
-3.05026,-0.623839,-1.34113,-1.64674
-1.02708,-0.552007,-0.41547,-0.556406
-2.2927,-0.5928,-1.02825,-1.20517
-2.40142,-0.593887,-1.08419,-1.25784
-3.53127,-0.697848,-1.7559,-1.70559
-2.46885,-0.59924,-1.07169,-1.33724
-2.52646,-0.612929,-1.2655,-1.19966
-2.85306,-0.612251,-1.31468,-1.47715
-3.37051,-0.640274,-1.53687,-1.76961
-3.45123,-0.659287,-1.57077,-1.81453
-1.90216,-0.585154,-0.879581,-0.96406
-1.85577,-0.588099,-0.89906,-0.897898
-2.55527,-0.615469,-1.25529,-1.23844
-2.46127,-0.609005,-1.10809,-1.29228
-3.01078,-0.651774,-1.4108,-1.5348
-1.82056,-0.58227,-0.881324,-0.881014
-2.43156,-0.617768,-1.11826,-1.25153
-1.02941,-0.531638,-0.480148,-0.496094
-1.6647,-0.559882,-0.745591,-0.863123
-1.89312,-0.588181,-0.895169,-0.939128
-3.12171,-0.659505,-1.50054,-1.55523
-2.78023,-0.63723,-1.22599,-1.49051
-3.18485,-0.687582,-1.46351,-1.65258
-2.77585,-0.662593,-1.2907,-1.41888
-1.44529,-0.553526,-0.64846,-0.741478
-2.03147,-0.595015,-0.899456,-1.07252
-2.48885,-0.652528,-1.1621,-1.2615
-2.37972,-0.669583,-1.12562,-1.18714
-1.88997,-0.614633,-0.916612,-0.911899
-3.15853,-0.756447,-1.49268,-1.5902
-2.70798,-0.729585,-1.37287,-1.26215
-2.41723,-0.660679,-1.09912,-1.25205
-2.22249,-0.675124,-1.03853,-1.11645
-1.77997,-0.672544,-0.907285,-0.805433
-2.33491,-0.696891,-1.06142,-1.20381
-1.96741,-0.658181,-0.858111,-1.04348
-0.761423,-0.507446,-0.325887,-0.384791
-2.84045,-0.744078,-1.17699,-1.58905
-1.1666,-0.547093,-0.46285,-0.64904
-2.50192,-0.744517,-1.12809,-1.29938
-2.95214,-0.861991,-1.36108,-1.50486
-3.86446,-1.15495,-1.45891,-2.29006
-3.65409,-1.02387,-1.77266,-1.77904
-1.43699,-0.629248,-0.581739,-0.792328
-2.71319,-0.961487,-1.43935,-1.1777
-2.56118,-0.847609,-1.12028,-1.35614
-2.81392,-0.854528,-1.10124,-1.62723
-1.63061,-0.71305,-0.692727,-0.866578
-2.44739,-0.914149,-1.11392,-1.24205
-2.31019,-0.886368,-1.11797,-1.10358
-2.889,-1.00871,-1.14193,-1.6462
-2.97915,-1.05584,-1.17755,-1.69602
-4.11251,-1.37931,-1.75878,-2.2158
-2.3859,-0.973203,-0.99125,-1.29733
-4.44178,-2.2307,-1.57549,-2.64322
-3.14789,-1.19718,-1.39255,-1.63562
-1.2489,-0.779725,-0.505712,-0.66522
-1.5659,-0.894701,-0.630821,-0.845605
-2.41443,-1.07517,-1.01622,-1.2907
-2.58125,-1.54649,-0.954795,-1.47181
-2.01242,-1.08667,-0.807977,-1.09577
-1.70038,-1.02742,-0.750914,-0.846723
-3.12135,-2.15136,-1.15388,-1.75234
-1.89882,-1.01635,-0.71337,-1.08382
-2.24113,-1.24576,-0.915073,-1.20148
-1.81032,-1.13949,-0.758234,-0.938133
-3.04598,-1.71651,-0.985817,-1.88851
-3.09679,-1.79365,-1.25344,-1.66399
-2.6827,-1.51406,-1.05463,-1.47666
-2.45145,-1.58778,-0.999274,-1.2934
-1.72907,-1.20842,-0.652341,-0.955883
-1.63436,-1.14169,-0.571919,-0.948275
-1.77187,-1.23237,-0.631342,-1.01729
-1.35133,-1.16639,-0.484332,-0.750361
-3.20292,-2.06862,-1.21214,-1.78392
-2.49525,-1.70514,-0.935739,-1.389
-2.65901,-1.94473,-1.03225,-1.43229
-1.83158,-1.33006,-0.682963,-1.01561
-2.89946,-1.86684,-0.952912,-1.75987
-2.27915,-1.7352,-0.886072,-1.21956
-1.56046,-1.37588,-0.586532,-0.836337
-2.64986,-1.94345,-0.962692,-1.49282
-2.23045,-2.89517,-0.665324,-1.27561
-1.02345,-1.38784,-0.323838,-0.560824
-2.08251,-1.81338,-0.806985,-1.09418
-2.71328,-2.40089,-1.0828,-1.39039
-2.31933,-1.80226,-0.868098,-1.27101
-1.44036,-1.32626,-0.482828,-0.82491
-2.35939,-1.98331,-0.957559,-1.2035
-1.30418,-1.4524,-0.475259,-0.683685
-1.34949,-1.68419,-0.497293,-0.683776
-2.70821,-2.11032,-0.97241,-1.52477
-1.90232,-1.7305,-0.640865,-1.08841
-1.85496,-1.70106,-0.617593,-1.06726
-1.38307,-1.54581,-0.554895,-0.673593
-1.47365,-1.34127,-0.488856,-0.850664
-1.78248,-1.59986,-0.679174,-0.943319
-2.15126,-1.78869,-0.755865,-1.21652
-2.60598,-1.94569,-0.907151,-1.50426
-2.01678,-1.60982,-0.747446,-1.10835
-2.36593,-2.22021,-0.949728,-1.19418
-2.19108,-2.05979,-0.88209,-1.10301
-0.846219,-0.979848,-0.300147,-0.448087
-2.29697,-1.91333,-0.885749,-1.21989
-2.11077,-1.89735,-0.688099,-1.23294
-2.90425,-2.61815,-1.20801,-1.43443
-1.97766,-1.84312,-0.739654,-1.0537
-1.68811,-1.53881,-0.582355,-0.951871
-2.51742,-3.29099,-0.846578,-1.34174
-2.94396,-2.40387,-1.10016,-1.60341
-2.1569,-2.05146,-0.758921,-1.19284
-1.8521,-1.48904,-0.620447,-1.08275
-2.08638,-1.77361,-0.674175,-1.23484
-1.83735,-1.80868,-0.75686,-0.899622
-2.70716,-2.18283,-0.979973,-1.5089
-2.34317,-1.98597,-0.814568,-1.33
-0.873854,-1.02606,-0.290026,-0.481222
-1.90262,-1.98627,-0.726438,-0.977555
-2.26859,-1.98435,-0.814161,-1.25599
-2.30807,-2.15692,-0.810158,-1.28221
-1.52134,-1.53536,-0.541116,-0.826691
-2.39391,-1.92572,-0.80055,-1.40079
-2.45639,-2.40638,-1.00035,-1.21541
-2.12865,-2.01754,-0.734332,-1.19256
-1.97605,-1.8171,-0.702271,-1.09207
-1.33106,-1.37114,-0.487792,-0.706154
-2.54841,-2.13463,-0.851331,-1.48362
-1.09854,-1.31106,-0.430027,-0.53741
-2.18069,-1.99589,-0.862476,-1.11862
-1.86534,-1.85785,-0.703397,-0.976161
-1.00305,-1.20189,-0.319529,-0.56333
-1.80387,-1.66231,-0.618389,-1.01925
-2.08647,-1.94747,-0.771688,-1.12004
-2.04563,-1.51124,-0.611293,-1.28321
-1.39263,-1.56424,-0.4235,-0.812704
-1.50389,-1.41045,-0.529052,-0.833793
-1.15669,-1.26722,-0.346755,-0.683215
-1.81277,-1.64138,-0.620996,-1.02764
-2.41974,-1.96389,-0.8736,-1.34975
-2.54558,-2.45298,-1.0238,-1.27649
-1.33322,-1.36937,-0.546917,-0.649368
-2.27633,-1.90276,-0.869966,-1.21609
-1.71734,-1.80279,-0.639075,-0.897985
-2.35229,-2.02238,-0.895004,-1.25505
-1.87164,-1.9968,-0.643745,-1.02822
-1.57874,-1.76015,-0.61174,-0.790989
-2.15439,-2.03325,-0.848684,-1.10238
-1.1293,-1.32141,-0.389521,-0.607635
-1.46096,-1.69125,-0.544065,-0.747772
-2.20927,-2.15781,-0.775253,-1.21824
-1.92114,-1.78082,-0.768699,-0.974361
-1.70136,-1.65509,-0.589923,-0.945929
-2.09822,-1.70341,-0.728558,-1.19932
-1.96346,-1.76861,-0.718106,-1.06849
-2.07143,-1.92961,-0.752854,-1.12561
-1.41842,-1.53761,-0.492672,-0.771982
-1.95545,-1.76957,-0.674168,-1.10433
-1.04708,-1.38009,-0.329444,-0.579624
-1.79004,-1.79703,-0.711274,-0.899059
-2.09074,-2.01383,-0.85137,-1.03799
-2.04746,-2.00634,-0.811044,-1.03578
-1.62811,-1.80123,-0.652382,-0.7956
-1.12614,-1.3011,-0.407815,-0.588213
-2.36482,-2.4296,-0.803779,-1.31808
-2.22735,-2.13969,-0.864596,-1.14879
-2.00405,-2.15168,-0.741018,-1.04786
-2.46032,-2.33792,-0.849167,-1.37736
-2.10521,-2.04446,-0.835627,-1.06514
-1.94202,-1.89003,-0.643364,-1.10966
-1.61307,-1.85292,-0.641941,-0.78584
-2.0019,-1.92784,-0.679841,-1.12927
-1.22605,-1.44864,-0.439431,-0.641758
-2.05276,-1.94362,-0.674932,-1.18347
-2.00181,-2.13065,-0.832522,-0.956225
-3.00972,-2.60871,-1.14014,-1.60871
-2.02388,-2.09992,-0.819879,-0.994009
-1.63634,-2.03424,-0.660454,-0.772464
-2.05874,-2.01684,-0.656253,-1.2008
-2.03155,-2.04641,-0.768196,-1.05871
-2.0034,-2.07268,-0.761993,-1.03414
-1.94198,-2.06878,-0.767321,-0.967781
-1.90772,-2.23438,-0.723181,-0.961096
-1.94647,-2.2569,-0.77815,-0.942625
-0.836647,-1.47525,-0.291514,-0.397608
-2.12763,-2.46087,-0.850883,-1.03066
-1.91416,-2.01464,-0.741446,-0.971249
-1.65598,-1.68542,-0.594105,-0.893337
-1.36407,-1.75071,-0.536874,-0.652125
-1.5285,-1.7387,-0.51628,-0.838351
-1.3931,-1.66393,-0.517584,-0.709123
-1.66762,-1.70233,-0.64178,-0.855611
-1.88828,-2.29079,-0.694532,-0.964671
-2.8559,-2.62486,-1.17748,-1.41594
-1.78741,-2.05059,-0.763323,-0.819029
-1.08498,-1.23195,-0.43793,-0.523857
-1.69243,-1.81048,-0.583012,-0.928367
-1.70889,-1.93286,-0.705627,-0.809977
-1.65254,-1.88776,-0.666917,-0.796846
-1.62301,-1.81547,-0.689122,-0.752345
-1.93804,-2.15023,-0.760859,-0.962157
-1.44155,-1.69339,-0.601571,-0.670637
-2.08878,-2.25536,-0.812919,-1.05032
-1.70019,-1.61804,-0.602092,-0.936294
-2.03886,-2.02239,-0.813364,-1.02325
-2.32806,-2.66349,-1.00972,-1.05199
-2.03444,-1.83292,-0.785872,-1.06528
-1.83705,-1.84627,-0.719378,-0.933045
-1.73162,-1.64382,-0.612933,-0.954301
-1.30991,-1.60676,-0.467294,-0.681942
-2.53738,-2.73709,-0.993474,-1.2702
-1.98605,-4.04269,-0.604517,-0.977262
-1.80373,-1.83955,-0.659892,-0.959878
-2.34708,-2.35797,-0.916179,-1.1951
-1.90436,-1.95556,-0.708963,-0.999843
-1.70869,-1.66729,-0.632225,-0.90974
-1.88701,-1.98881,-0.660105,-1.02802
-2.3207,-2.7223,-0.884083,-1.16438
-1.83738,-1.94088,-0.701831,-0.941456
-2.20635,-2.05768,-0.879094,-1.12149
-1.16871,-1.43329,-0.38551,-0.639867
-1.09113,-1.54982,-0.433508,-0.502638
-1.79913,-1.81884,-0.781557,-0.835692
-1.7644,-1.84897,-0.68233,-0.897171
-1.86441,-2.17907,-0.772249,-0.874259
-2.18898,-2.40528,-0.900462,-1.04799
-1.81365,-1.76701,-0.698633,-0.938311
-1.86532,-1.67505,-0.684113,-1.01371
-1.7044,-2.75402,-0.406179,-1.02282
-1.91751,-2.01735,-0.73716,-0.978611
-2.22707,-2.39399,-0.911254,-1.07641
-1.57285,-1.80454,-0.608285,-0.784108
-2.00199,-2.1026,-0.692782,-1.09895
-1.58526,-1.98407,-0.684945,-0.701907
-1.67261,-1.75578,-0.638431,-0.858598
-2.24064,-2.23742,-0.858307,-1.15859
-1.24421,-1.68114,-0.417327,-0.658768
-1.6859,-1.70427,-0.644705,-0.870765
-1.84998,-2.29397,-0.689596,-0.930984
-0.980852,-0.805935,-0.172199,-0.72806
-2.03851,-1.92127,-0.787689,-1.0587
-1.31324,-1.45607,-0.522408,-0.645228
-0.840135,-1.03199,-0.30979,-0.427146
-1.90517,-1.9902,-0.79295,-0.913202
-1.59847,-1.81153,-0.620103,-0.797219
-1.8164,-1.87704,-0.764476,-0.864225
-2.14257,-2.40761,-0.885175,-1.01663
-2.04608,-1.99597,-0.802786,-1.04369
-1.80031,-1.97288,-0.746554,-0.856468
-1.17279,-1.32109,-0.44935,-0.591328
-1.6851,-2.11534,-0.666119,-0.807449
-1.56543,-1.43169,-0.529376,-0.892884
-1.85481,-1.80235,-0.628802,-1.04577
-1.69614,-1.69371,-0.757169,-0.769597
-1.77795,-1.91558,-0.715792,-0.870597
-1.79964,-1.79103,-0.774068,-0.846465
-2.23076,-2.02562,-0.825366,-1.20283
-1.01426,-1.23909,-0.327472,-0.562875
-1.85696,-2.04414,-0.677553,-0.974997
-1.57826,-1.43143,-0.553133,-0.881982
-2.27428,-2.21676,-0.861309,-1.19129
-1.38751,-1.55173,-0.491148,-0.741186
-2.01655,-1.98065,-0.714039,-1.10445
-0.785461,-0.984523,-0.258626,-0.428383
-0.653786,-0.83944,-0.236322,-0.33352
-1.6785,-1.64698,-0.67876,-0.835043
-2.17064,-1.93077,-0.820203,-1.15736
-0.965134,-1.16317,-0.347578,-0.50124
-2.07741,-1.84472,-0.786462,-1.10647
-1.33044,-1.16095,-0.461504,-0.752844
-1.50581,-1.63733,-0.624215,-0.71786
-1.92081,-2.0668,-0.765536,-0.948599
-2.04786,-1.84837,-0.804008,-1.05901
-1.36894,-1.39514,-0.541957,-0.687466
-2.07278,-1.98066,-0.74417,-1.13054
-2.0187,-1.79295,-0.742092,-1.09732
-1.78949,-1.70685,-0.710471,-0.908334
-1.62519,-1.69424,-0.67426,-0.781508
-1.90041,-1.95022,-0.786426,-0.918964
-2.08487,-2.17554,-0.882574,-0.984741
-1.92832,-1.95596,-0.794835,-0.937893
-2.18671,-2.11332,-0.859205,-1.11617
-1.74639,-1.68382,-0.682585,-0.895423
-0.649043,-0.962149,-0.186145,-0.366683
-1.58766,-1.5702,-0.576665,-0.853971
-1.65244,-1.56368,-0.613009,-0.883062
-2.51255,-2.17454,-1.01318,-1.28191
-1.94574,-1.81382,-0.766406,-0.997954
-1.55551,-1.44224,-0.578322,-0.83296
-1.58419,-1.65,-0.554995,-0.864196
-1.82307,-1.78734,-0.737902,-0.906433
-1.23362,-1.45024,-0.469041,-0.619555
-0.652721,-0.827171,-0.230975,-0.339029
-1.98386,-1.58952,-0.5886,-1.23631
-1.64033,-1.49817,-0.623227,-0.867283
-1.32725,-1.29096,-0.507685,-0.690473
-1.90865,-1.91554,-0.676971,-1.04013
-1.56239,-1.43126,-0.547954,-0.871308
-2.01361,-1.93644,-0.823911,-0.996057
-1.75797,-1.88754,-0.681243,-0.887969
-2.15738,-2.22643,-0.802702,-1.13204
-1.63972,-1.80626,-0.625264,-0.833828
-0.715991,-1.15935,-0.191475,-0.408581
-1.71978,-1.68794,-0.607391,-0.943597
-1.50267,-1.45617,-0.575526,-0.781532
-1.8322,-1.86952,-0.668387,-0.976863
-1.12479,-1.50292,-0.447183,-0.527318
-1.69997,-1.63426,-0.668807,-0.867734
-2.33608,-2.40251,-0.853052,-1.24278
-1.25962,-1.21411,-0.38232,-0.755888
-1.58738,-1.70949,-0.597479,-0.818948
-1.61418,-1.45878,-0.604771,-0.863535
-0.783893,-0.999384,-0.261267,-0.422687
-1.6714,-1.6507,-0.576664,-0.929669
-2.01306,-1.97396,-0.829207,-0.986456
-1.5923,-1.58013,-0.608714,-0.825575
-2.13377,-2.25116,-0.845553,-1.0631
-1.4561,-1.63356,-0.626616,-0.666126
-1.90301,-1.54678,-0.698523,-1.04981
-1.63473,-1.57133,-0.641116,-0.836487
-1.87413,-1.71723,-0.672641,-1.02976
-1.77596,-1.62623,-0.672941,-0.940394
-1.68065,-1.60861,-0.648369,-0.871423
-1.61145,-1.56056,-0.619572,-0.83582
-0.582492,-0.857249,-0.197684,-0.299083
-1.82056,-1.55193,-0.642248,-1.02312
-0.932042,-0.943907,-0.328918,-0.508734
-1.73423,-1.59105,-0.629788,-0.94534
-0.657233,-0.764209,-0.227862,-0.352951
-2.0637,-2.89069,-0.718187,-1.05645
-1.7779,-1.46996,-0.654849,-0.976051
-1.21741,-1.14464,-0.453631,-0.649315
-1.4825,-1.40609,-0.535433,-0.806456
-1.6439,-2.85962,-0.529244,-0.828698
-1.61122,-1.42272,-0.618637,-0.85031
-1.4687,-1.32568,-0.618799,-0.717329
-1.5623,-1.5751,-0.647764,-0.757024
-1.30407,-1.1121,-0.439212,-0.753648
-1.59463,-1.70104,-0.625099,-0.799432
-0.90527,-1.01588,-0.312511,-0.49117
-1.21328,-1.29207,-0.431956,-0.652116
-1.68856,-1.57113,-0.595157,-0.93629
-1.92349,-1.80784,-0.747353,-0.995349
-2.0167,-2.01331,-0.748569,-1.0668
-1.50342,-1.52277,-0.617424,-0.733716
-1.45717,-1.49148,-0.516314,-0.791712
-1.82469,-1.62238,-0.642242,-1.02021
-1.7641,-1.7819,-0.665517,-0.920396
-1.36904,-1.54478,-0.573086,-0.64148
-2.22412,-1.80134,-0.859479,-1.1845
-1.26286,-1.28273,-0.48984,-0.64475
-1.35098,-1.62423,-0.51739,-0.671171
-1.68431,-1.96737,-0.670718,-0.816851
-1.98572,-1.95941,-0.855699,-0.934077
-1.12412,-1.10134,-0.404738,-0.609252
-1.47811,-1.39514,-0.603506,-0.735085
-1.4882,-1.42622,-0.60092,-0.744657
-1.61903,-2.15617,-0.458716,-0.944702
-1.56666,-1.47118,-0.583388,-0.836151
-0.86558,-1.0161,-0.244421,-0.519549
-0.907925,-0.965099,-0.316441,-0.494974
-2.18194,-1.85372,-0.865443,-1.13113
-1.80464,-1.63576,-0.69444,-0.946627
-1.77391,-1.56742,-0.732928,-0.884237
-1.08405,-1.11369,-0.386936,-0.585743
-2.0747,-1.81635,-0.742418,-1.15065
-1.59374,-1.58871,-0.576819,-0.858051
-1.03883,-1.09469,-0.391683,-0.537675
-1.08291,-1.08274,-0.435762,-0.538874
-1.75533,-1.53258,-0.672658,-0.929419
-1.72597,-2.78626,-0.53969,-0.907651
-2.17561,-1.93899,-0.825861,-1.15585
-1.48556,-1.43901,-0.582048,-0.759607
-1.9866,-1.7115,-0.686185,-1.12926
-1.7465,-1.52218,-0.665585,-0.928692
-2.051,-2.17965,-0.806334,-1.0267
-1.97817,-2.0839,-0.754551,-1.01523
-1.40527,-1.42991,-0.551408,-0.710866
-2.08574,-2.12287,-0.736913,-1.13654
-1.41134,-1.4439,-0.552945,-0.714
-2.00371,-2.0464,-0.664507,-1.13456
-1.93207,-2.05143,-0.802111,-0.924814
-1.83991,-2.06887,-0.698348,-0.934676
-1.37695,-1.47911,-0.538397,-0.69064
-2.00435,-3.11298,-0.746177,-0.946875
-1.38868,-1.54056,-0.505992,-0.728634
-1.50781,-1.3531,-0.52242,-0.850084
-1.36479,-1.39535,-0.512345,-0.712908
-1.16877,-1.23894,-0.454809,-0.590068
-1.45441,-1.60087,-0.542438,-0.751883
-1.09082,-1.05299,-0.400166,-0.58536
-1.27087,-1.49508,-0.455091,-0.666274
-1.7425,-1.81868,-0.610326,-0.950309
-1.5243,-1.6667,-0.530846,-0.826788
-1.68496,-1.45145,-0.539812,-1.0
-1.46753,-1.63541,-0.556727,-0.747265
-1.85294,-1.81012,-0.730698,-0.941232
-1.42905,-1.36575,-0.532155,-0.760316
-0.462608,-0.663674,-0.140327,-0.255914
-1.88946,-1.76313,-0.642871,-1.07027
-0.620989,-0.830567,-0.181582,-0.35635
-1.68325,-1.76062,-0.663416,-0.843773
-1.07677,-1.20219,-0.395744,-0.560802
-0.66282,-0.832691,-0.194183,-0.385368
-1.27116,-1.22293,-0.471257,-0.677609
-1.42094,-1.28058,-0.477513,-0.815366
-1.68554,-1.62466,-0.670756,-0.852317
-1.38321,-1.20673,-0.436945,-0.825597
-1.67431,-1.74185,-0.626247,-0.873882
-1.34867,-1.33786,-0.457368,-0.75752
-1.13165,-1.16475,-0.394906,-0.620265
-1.7182,-1.19118,-0.547489,-1.0516
-2.04597,-2.27624,-0.801318,-1.01703
-1.4308,-1.41319,-0.575784,-0.713692
-2.04923,-1.83334,-0.702773,-1.16312
-1.3764,-1.41788,-0.472007,-0.762602
-1.77611,-1.83863,-0.645715,-0.946535
-1.86446,-1.85274,-0.677424,-1.00176
-1.88671,-2.8364,-0.548088,-1.05498
-1.90244,-1.84192,-0.657529,-1.06072
-1.56881,-1.75502,-0.569525,-0.823781
-1.73073,-1.88642,-0.581682,-0.960409
-1.00722,-1.03737,-0.319615,-0.583867
-2.02094,-1.99793,-0.761734,-1.05941
-1.61619,-1.62787,-0.536979,-0.916428
-1.61433,-1.64846,-0.531883,-0.917605
-1.54537,-1.85579,-0.584594,-0.775194
-1.91333,-1.77179,-0.616009,-1.12015
-1.58129,-1.72098,-0.529199,-0.879991
-1.54875,-2.5141,-0.511288,-0.78605
-2.0841,-2.06908,-0.726102,-1.15109
-1.7413,-1.95388,-0.599683,-0.946227
-1.71971,-1.75861,-0.679599,-0.864249
-1.52439,-1.53015,-0.495015,-0.876356
-1.61679,-1.73483,-0.566513,-0.876794
-1.54834,-1.83364,-0.537837,-0.827139
-1.6003,-1.66827,-0.601968,-0.831505
-1.54664,-1.68808,-0.580586,-0.797245
-1.68986,-1.72042,-0.528373,-0.989441
-1.5073,-1.54125,-0.530382,-0.822796
-1.85106,-2.22114,-0.657236,-0.971713
-1.83142,-2.22555,-0.654891,-0.953974
-1.58305,-1.68029,-0.543847,-0.87117
-1.9047,-1.62387,-0.59903,-1.14328
-1.41621,-1.94288,-0.617294,-0.604624
-1.30838,-1.33836,-0.495956,-0.678592
-1.72018,-2.05796,-0.613552,-0.900833
-1.33111,-1.21505,-0.431792,-0.777809
-2.3681,-2.27687,-0.811623,-1.32879
-1.65755,-1.7981,-0.63928,-0.838456
-1.92997,-2.08282,-0.716096,-1.0056
-0.869725,-0.958988,-0.279181,-0.494644
-1.53772,-1.39735,-0.485528,-0.91246
-1.68585,-1.76987,-0.561467,-0.9474
-1.61836,-1.66196,-0.56921,-0.882957
-0.782087,-0.902164,-0.25172,-0.440151
-1.56969,-1.42033,-0.492829,-0.934833
-1.42509,-1.36666,-0.468578,-0.819845
-1.74328,-1.79206,-0.630199,-0.93387
-0.970519,-1.12287,-0.341072,-0.51716
-0.884088,-1.12084,-0.293694,-0.47831
-1.52036,-1.5396,-0.58642,-0.779979
-1.70878,-1.59001,-0.499286,-1.05049
-1.97668,-2.12159,-0.607742,-1.15678
-1.66434,-1.80175,-0.599561,-0.884605
-1.67049,-1.96388,-0.512772,-0.961324
-1.73912,-2.06378,-0.583012,-0.949729
-1.82572,-1.84863,-0.675255,-0.965606
-1.37127,-1.39973,-0.488319,-0.74298
-1.88214,-2.18706,-0.611301,-1.05213
-1.42866,-1.69277,-0.53133,-0.728049
-1.9849,-1.96402,-0.636277,-1.15222
-1.83637,-1.8405,-0.598946,-1.05338
-1.78562,-1.65595,-0.588165,-1.03186
-1.96803,-2.11635,-0.562443,-1.19395
-1.74699,-1.87967,-0.640895,-0.918123
-1.99715,-2.01954,-0.701775,-1.09342
-1.59574,-1.59838,-0.531397,-0.904505
-1.28975,-1.47927,-0.447379,-0.694444
-1.56954,-1.90597,-0.546348,-0.8326
-2.18533,-2.61811,-0.516301,-1.40722
-1.37762,-1.58121,-0.551642,-0.667854
-1.4404,-1.41338,-0.486213,-0.812845
-1.16853,-1.37494,-0.370674,-0.660364
-1.6555,-2.57908,-0.51787,-0.879721
-0.664601,-0.883096,-0.228217,-0.348074
-1.63897,-1.92837,-0.521327,-0.924807
-0.817638,-0.941779,-0.289426,-0.434035
-2.16285,-2.62218,-0.67747,-1.22316
-1.49571,-1.68951,-0.509517,-0.817239
-1.58496,-1.96147,-0.565488,-0.823325
-1.64072,-1.92472,-0.578612,-0.869639
-2.02268,-1.98004,-0.673946,-1.15073
-1.91536,-1.74687,-0.593229,-1.14745
-1.62965,-1.94713,-0.58997,-0.844963
-1.4175,-1.55426,-0.440627,-0.821446
-1.76806,-2.19337,-0.640617,-0.908109
-1.67941,-1.94408,-0.558846,-0.926159
-1.61986,-1.6834,-0.553706,-0.897813
-1.71362,-1.63707,-0.542934,-1.00698
-1.76358,-2.03677,-0.613832,-0.946073
-1.70013,-1.68318,-0.59465,-0.937158
-1.52349,-1.70772,-0.532262,-0.820454
-1.50762,-2.23039,-0.33739,-0.947191
-0.529494,-0.709732,-0.148491,-0.31003
-1.63132,-1.68948,-0.613,-0.849371
-0.877304,-0.957336,-0.250801,-0.530769
-1.20012,-1.2007,-0.395552,-0.684497
-1.71609,-1.77534,-0.563944,-0.974608
-1.9271,-2.08702,-0.628653,-1.08974
-1.3026,-1.66264,-0.401694,-0.734643
-0.505355,-0.672572,-0.117088,-0.32101
-1.33761,-1.36813,-0.340611,-0.860183
-1.33873,-1.45048,-0.408775,-0.784905
-1.34338,-1.58966,-0.433003,-0.751407
-1.43385,-1.48702,-0.360519,-0.924627
-1.91795,-2.10854,-0.648252,-1.05884
-1.53375,-2.12711,-0.624023,-0.697021
-1.40664,-1.58891,-0.449807,-0.797947
-1.8461,-2.09412,-0.639162,-0.997527
-0.810109,-0.869875,-0.275273,-0.447849
-1.80425,-2.17286,-0.607364,-0.979603
-0.475489,-0.641163,-0.164759,-0.246614
-1.67301,-2.00802,-0.593952,-0.878261
-1.13281,-1.30219,-0.366618,-0.635974
-1.20799,-1.46823,-0.383434,-0.677732
-1.70375,-1.70817,-0.524212,-1.00872
-1.57227,-1.76495,-0.47621,-0.919564
-1.80088,-2.3612,-0.593545,-0.971217
-0.726418,-0.812563,-0.231678,-0.413483
-1.28458,-1.73961,-0.483118,-0.627502
-1.5607,-1.57491,-0.4691,-0.934106
-1.91965,-2.12479,-0.649431,-1.05774
-1.3346,-1.41623,-0.402967,-0.790007
-1.66424,-2.00228,-0.564254,-0.899753
-1.7513,-1.95572,-0.589442,-0.966282
-1.82362,-2.06016,-0.554568,-1.06304
-1.11271,-1.32084,-0.392652,-0.587978
-1.60742,-1.82246,-0.527111,-0.898058
-1.98545,-1.89682,-0.685511,-1.11026
-1.38284,-1.54859,-0.402685,-0.825291
-1.3177,-1.61926,-0.45587,-0.6999
-0.51461,-0.634111,-0.122427,-0.328772
-1.81489,-1.95769,-0.612604,-1.00651
-1.13945,-1.26133,-0.339719,-0.673601
-1.78157,-1.97659,-0.600403,-0.983506
-1.48776,-1.89,-0.411073,-0.887691
-1.25041,-1.42267,-0.45706,-0.651087
-0.365234,-0.578725,-0.0946275,-0.212734
-1.19506,-1.3442,-0.37016,-0.690478
-1.21448,-1.36316,-0.402997,-0.675164
-1.71458,-1.97476,-0.500097,-1.017
-1.23739,-1.62369,-0.389469,-0.685555
-1.19092,-1.30621,-0.363397,-0.696905
-1.65776,-1.79726,-0.449855,-1.02818
-1.55302,-1.50845,-0.4783,-0.923879
-1.50638,-1.88799,-0.516564,-0.801016
-0.491386,-0.717284,-0.146575,-0.273083
-1.5495,-2.16261,-0.539631,-0.793613
-0.97917,-1.14013,-0.300236,-0.564921
-1.4889,-1.77049,-0.54747,-0.764379
-1.81349,-2.20403,-0.606405,-0.986684
-2.04679,-1.95399,-0.680471,-1.17092
-0.92176,-1.10273,-0.282358,-0.529129
-1.66349,-2.10807,-0.607271,-0.845406
-0.816318,-0.955678,-0.244555,-0.476195
-1.41052,-1.8314,-0.463792,-0.763588
-1.43754,-1.63893,-0.475469,-0.798181
-1.39085,-1.36974,-0.437668,-0.816212
-1.67172,-1.69869,-0.532499,-0.969357
-1.33681,-1.63496,-0.44404,-0.729274
-1.86397,-2.08293,-0.583378,-1.0723
-2.04394,-2.30433,-0.610809,-1.2027
-1.67083,-2.27813,-0.531947,-0.911065
-1.83053,-1.89618,-0.634455,-1.00645
-2.08033,-2.96521,-0.541833,-1.24198
-1.51948,-1.71923,-0.47071,-0.876845
-1.41605,-1.71076,-0.422164,-0.822807
-0.911872,-1.08727,-0.256349,-0.546796
-1.58507,-2.1053,-0.438568,-0.935975
-1.72739,-2.29727,-0.50706,-0.990603
-1.27956,-1.4796,-0.4001,-0.731504
-1.57231,-1.87757,-0.514901,-0.869656
-0.913638,-1.29988,-0.275453,-0.508198
-1.66291,-1.96358,-0.447468,-1.01908
-1.34469,-1.50605,-0.398885,-0.795203
-1.28682,-1.66895,-0.474447,-0.645483
-1.32489,-1.65092,-0.413998,-0.745796
-1.15681,-1.48829,-0.339015,-0.668965
-1.97205,-2.26147,-0.574558,-1.17134
-1.59439,-2.03379,-0.512955,-0.878052
-1.74899,-1.72284,-0.549815,-1.02689
-1.93211,-2.2419,-0.541252,-1.16667
-1.67087,-1.83488,-0.525044,-0.96234
-1.64148,-1.9311,-0.52238,-0.925986
-1.50611,-1.60176,-0.399141,-0.946788
-1.83117,-2.09174,-0.549347,-1.07265
-1.6989,-2.0351,-0.517919,-0.977466
-1.59473,-1.78609,-0.557622,-0.858501
-1.4121,-1.50567,-0.389683,-0.871848
-1.2245,-1.29931,-0.33183,-0.762739
-0.568738,-0.811231,-0.165796,-0.321819
-1.54784,-1.72817,-0.452226,-0.922798
-1.64536,-2.12728,-0.587862,-0.844766
-1.72074,-1.97719,-0.530839,-0.992177
-1.3958,-1.61608,-0.459914,-0.774282
-1.33762,-1.75122,-0.428301,-0.734194
-1.60415,-2.25168,-0.497525,-0.881457
-1.48382,-1.72357,-0.427188,-0.884278
-0.706033,-0.919328,-0.167465,-0.446635
-1.32953,-1.61865,-0.448061,-0.719606
-1.49091,-1.748,-0.501607,-0.8145
-1.67701,-1.75458,-0.542071,-0.959479
-1.49302,-1.45377,-0.438733,-0.908914
-1.26255,-1.39884,-0.404622,-0.718045
-1.29525,-1.80259,-0.403171,-0.711816
-1.09587,-1.37269,-0.38936,-0.56924
-1.92116,-2.20509,-0.606425,-1.09423
-0.891874,-1.06672,-0.258939,-0.526263
-1.22553,-1.42456,-0.379835,-0.703238
-1.40236,-1.57753,-0.406007,-0.838602
-1.27345,-1.51095,-0.412176,-0.71018
-1.53834,-1.72342,-0.456092,-0.90991
-1.38931,-1.59212,-0.427858,-0.802245
-1.88037,-2.22745,-0.559254,-1.09837
-1.28462,-1.38102,-0.382575,-0.763939
-1.11255,-1.31185,-0.330021,-0.651345
-1.56013,-1.69019,-0.473743,-0.917368
-1.41536,-1.81048,-0.399257,-0.835053
-1.44156,-1.58866,-0.433862,-0.848831
-1.57386,-1.94191,-0.473899,-0.905765
-1.18137,-1.40801,-0.327789,-0.712776
-1.48142,-1.54548,-0.418812,-0.908062
-1.05994,-1.24962,-0.318495,-0.616482
-1.40699,-1.96269,-0.463925,-0.746798
-1.53148,-1.67398,-0.441397,-0.922688
-1.28627,-1.33818,-0.358023,-0.794425
-1.808,-2.35199,-0.556271,-1.01653
-2.55578,-2.38311,-0.844184,-1.47329
-1.7534,-2.39078,-0.525733,-0.988593
-1.71603,-1.85082,-0.520271,-1.01067
-1.2037,-1.43098,-0.386936,-0.673669
-2.06133,-2.74803,-0.612207,-1.17432
-1.37956,-1.72909,-0.373789,-0.832859
-0.649504,-0.959391,-0.192431,-0.361134
-0.890168,-1.15786,-0.242349,-0.532033
-0.415085,-0.609827,-0.096759,-0.257344
-1.54789,-1.77893,-0.444031,-0.92597
-1.20205,-1.5835,-0.348242,-0.695453
-1.42106,-1.68869,-0.425365,-0.826829
-1.34665,-1.79127,-0.382834,-0.784687
-1.56677,-2.12515,-0.486222,-0.86803
-1.20025,-1.98125,-0.355975,-0.646153
-1.72825,-2.12192,-0.565885,-0.950176
-1.59303,-1.99758,-0.443826,-0.949448
-1.78281,-2.2238,-0.516173,-1.04426
-1.33469,-1.65968,-0.378954,-0.789773
-1.19987,-1.43179,-0.324608,-0.732081
-1.52459,-1.70968,-0.420013,-0.933609
-1.12024,-1.55492,-0.366815,-0.597931
-1.58648,-1.80987,-0.509311,-0.896187
-1.11818,-1.68354,-0.364323,-0.585506
-1.10936,-1.17835,-0.308161,-0.683365
-1.45863,-1.49399,-0.45344,-0.855792
-1.32578,-1.45199,-0.403086,-0.777497
-1.70446,-1.83555,-0.501817,-1.01909
-0.787593,-0.986586,-0.206904,-0.48203
-1.71688,-1.86829,-0.465761,-1.06429
-1.55222,-1.61334,-0.44761,-0.943274
-1.47343,-1.89117,-0.457827,-0.82649
-1.31094,-1.62023,-0.420477,-0.728441
-1.19309,-1.4253,-0.380687,-0.669871
-1.71717,-1.8472,-0.511912,-1.02054
-1.21562,-1.47334,-0.409606,-0.658676
-1.22441,-1.50785,-0.325038,-0.74859
-1.39592,-1.60789,-0.389029,-0.8461
-0.798123,-1.00463,-0.229003,-0.468658
-1.52873,-1.78659,-0.423378,-0.926697
-1.87577,-2.17778,-0.589076,-1.06892
-1.46423,-1.66211,-0.383608,-0.914406
-1.81141,-2.01198,-0.438229,-1.17198
-1.36298,-1.48257,-0.345153,-0.869575
-1.22483,-1.54931,-0.336853,-0.733047
-1.06126,-1.21217,-0.266235,-0.673808
-1.26203,-1.70423,-0.340611,-0.750992
-1.82766,-2.57785,-0.517574,-1.0523
-1.3391,-1.71283,-0.371815,-0.796007
-1.3606,-1.70844,-0.355941,-0.833815
-1.28771,-1.56687,-0.346746,-0.784283
-1.45596,-1.77121,-0.436493,-0.842347
-1.79628,-2.41752,-0.542287,-1.01224
-1.48003,-1.76395,-0.417849,-0.885783
-1.26304,-1.43647,-0.346584,-0.772814
-1.37828,-1.45494,-0.363054,-0.869735
-1.22318,-1.43753,-0.328517,-0.750911
-1.25211,-1.68536,-0.379205,-0.704367
-0.986664,-1.24189,-0.258207,-0.604268
-1.81658,-2.21917,-0.517617,-1.07704
-0.415429,-0.592094,-0.11771,-0.238509
-1.62147,-1.91723,-0.441501,-0.988248
-0.411726,-0.678956,-0.111183,-0.232647
-1.58745,-1.8392,-0.438324,-0.965209
-1.35816,-1.76178,-0.400615,-0.781362
-1.0692,-1.20693,-0.282649,-0.665862
-1.42332,-1.66725,-0.335921,-0.920671
-1.66676,-2.02232,-0.516146,-0.948386
-1.81518,-2.01887,-0.520071,-1.09322
-1.6057,-2.12931,-0.467262,-0.925505
-1.50672,-1.65102,-0.463941,-0.877679
-0.272453,-0.454881,-0.0714857,-0.15548
-1.38559,-1.52667,-0.390773,-0.842152
-1.62393,-1.90024,-0.442525,-0.991383
-1.12863,-1.74387,-0.339388,-0.614859
-1.42589,-1.79778,-0.400615,-0.845497
-1.54086,-1.85472,-0.47496,-0.880429
-1.47194,-1.90339,-0.422099,-0.859507
-1.67182,-2.03665,-0.42199,-1.04617
-1.5164,-1.7653,-0.418221,-0.92165
-1.37942,-1.83678,-0.32409,-0.871649
-1.39815,-1.73369,-0.368907,-0.855869
-1.51093,-1.66949,-0.428959,-0.91502
-1.29553,-1.43773,-0.344111,-0.807644
-1.45872,-1.76083,-0.426467,-0.856167
-1.07686,-1.46435,-0.328444,-0.601978
-1.38484,-1.71694,-0.384513,-0.82863
-1.63474,-2.2143,-0.440798,-0.972515
-1.7064,-2.2741,-0.456618,-1.02237
-1.64478,-1.94579,-0.445425,-1.00478
-2.18801,-3.71705,-0.50948,-1.30683
-1.59555,-1.50237,-0.3374,-1.10791
-1.17079,-1.34937,-0.302747,-0.733109
-1.01831,-1.38039,-0.313368,-0.566905
-1.82175,-2.11944,-0.422307,-1.18749
-1.89561,-2.52588,-0.503591,-1.13943
-1.37866,-1.57999,-0.342345,-0.87832
-1.37198,-1.9592,-0.31534,-0.860724
-1.66092,-2.00344,-0.450373,-1.01021
-1.34796,-1.95188,-0.378811,-0.77396
-1.25935,-1.59952,-0.327761,-0.771636
-1.39078,-1.97843,-0.39547,-0.797469
-0.959735,-1.42537,-0.270831,-0.546366
-1.52503,-2.21895,-0.44583,-0.857309
-1.61208,-2.05161,-0.467662,-0.939252
-1.5187,-1.72679,-0.356245,-0.989776
-1.74708,-2.41742,-0.501083,-1.00426
-1.27393,-1.7991,-0.37025,-0.723769
-1.4829,-1.82813,-0.438089,-0.861997
-1.33149,-1.87285,-0.39597,-0.748232
-0.542132,-0.774306,-0.130295,-0.334406
-1.43527,-1.90092,-0.433901,-0.811273
-0.908006,-1.17057,-0.237153,-0.553796
-1.70715,-1.70217,-0.426799,-1.11013
-1.3396,-1.40543,-0.368943,-0.830112
-1.43583,-1.95025,-0.446509,-0.794298
-1.47492,-1.61873,-0.399602,-0.913447
-1.39576,-1.80307,-0.384904,-0.83055
-1.23862,-1.58904,-0.32849,-0.751221
-1.30365,-1.69548,-0.353354,-0.780749
-1.24244,-1.4175,-0.361809,-0.73888
-1.73977,-2.06373,-0.425574,-1.10783
-1.73285,-1.94663,-0.471198,-1.06698
-1.84782,-2.07072,-0.516053,-1.1247
-1.75954,-2.16027,-0.473715,-1.0698
-1.26576,-1.60698,-0.3948,-0.710259
-1.69365,-2.15932,-0.499091,-0.978626
-1.56725,-1.86404,-0.428204,-0.952642
-0.484379,-0.749475,-0.13688,-0.272551
-1.65967,-2.1483,-0.443853,-1.00099
-0.913151,-1.19425,-0.240022,-0.553704
-0.648661,-0.868878,-0.173993,-0.38778
-1.74877,-2.54614,-0.590874,-0.903285
-1.74804,-2.07135,-0.456947,-1.08396
-1.52785,-1.65821,-0.349355,-1.01267
-1.22108,-1.64976,-0.36586,-0.690241
-1.40448,-1.72996,-0.422997,-0.808484
-1.62141,-2.03678,-0.44115,-0.976581
-1.70818,-1.98062,-0.521577,-0.988539
-1.36516,-1.8045,-0.363325,-0.821382
-1.56281,-2.24769,-0.446435,-0.891608
-0.761546,-1.01261,-0.204465,-0.45582
-1.48497,-1.81208,-0.387672,-0.916089
-0.746733,-1.02392,-0.182413,-0.461928
-0.641548,-0.880703,-0.174003,-0.379475
-0.92637,-1.18518,-0.250575,-0.557277
-1.1544,-1.5962,-0.310692,-0.684093
-1.3909,-1.73359,-0.415009,-0.802534
-1.00793,-1.36507,-0.268167,-0.603252
-1.13363,-1.56999,-0.330422,-0.646207
-0.851524,-1.11881,-0.224192,-0.515452
-1.4411,-1.85983,-0.398888,-0.856233
-1.12626,-1.40125,-0.284299,-0.701833
-1.58774,-1.63658,-0.42294,-1.00115
-1.35872,-1.63543,-0.376413,-0.818765
-1.52981,-1.80135,-0.459338,-0.890333
-1.45829,-1.73602,-0.374091,-0.910598
-1.70306,-2.19414,-0.447826,-1.03582
-1.29207,-1.43143,-0.359401,-0.789524
-1.64164,-2.16388,-0.544032,-0.881215
-1.35128,-1.51531,-0.361094,-0.838659
-1.47241,-1.93131,-0.355897,-0.923382
-1.81759,-2.04453,-0.487388,-1.12575
-1.26718,-1.41139,-0.321763,-0.804279
-1.31485,-1.64426,-0.386519,-0.763904
-1.25651,-1.65886,-0.321698,-0.768929
-1.2748,-1.65371,-0.339823,-0.769601
-1.32949,-1.60083,-0.343729,-0.825675
-1.42414,-1.73408,-0.385674,-0.86506
-0.888526,-1.19296,-0.263873,-0.505357
-1.77025,-2.01436,-0.444223,-1.1246
-0.608399,-0.883878,-0.183778,-0.336233
-1.84161,-2.08516,-0.418993,-1.2141
-1.22545,-1.39742,-0.310156,-0.775552
-1.447,-1.74468,-0.383397,-0.889135
-1.51616,-2.24076,-0.467174,-0.824913
-1.65282,-2.25891,-0.428979,-0.997952
-1.67566,-1.92113,-0.441156,-1.04239
-1.56659,-1.9733,-0.370275,-0.998986
-1.21227,-1.45931,-0.294081,-0.77226
-0.66143,-0.861805,-0.146233,-0.429017
-1.17752,-1.48441,-0.292886,-0.736198
-1.75539,-2.20668,-0.434829,-1.09989
-1.35656,-1.75817,-0.413858,-0.766889
-1.65964,-2.13342,-0.41154,-1.03476
-1.47209,-1.87964,-0.44499,-0.839132
-1.42445,-1.68933,-0.374096,-0.881419
-1.23152,-1.65708,-0.33341,-0.732402
-1.74365,-2.00447,-0.442979,-1.10022
-0.964219,-1.36016,-0.274532,-0.55367
-1.5097,-1.77041,-0.365298,-0.967359
-1.6586,-2.05894,-0.377333,-1.07538
-0.522894,-0.719093,-0.129402,-0.321582
-1.02999,-1.32193,-0.28861,-0.609192
-1.65287,-2.1413,-0.437004,-1.00174
-1.80921,-2.33013,-0.40694,-1.16926
-1.70996,-2.18941,-0.437097,-1.05392
-1.01845,-1.34321,-0.269094,-0.615037
-1.38037,-1.9422,-0.382425,-0.803724
-0.718646,-0.987838,-0.179477,-0.440385
-1.50435,-1.52835,-0.406222,-0.945289
-1.08912,-1.37671,-0.278865,-0.672585
-0.584031,-0.91258,-0.157277,-0.335496
-1.44347,-2.03515,-0.397372,-0.842581
-1.08142,-1.78521,-0.298018,-0.604886
-1.23993,-1.49257,-0.310757,-0.779914
-1.39142,-1.63978,-0.337018,-0.890427
-1.63281,-1.96396,-0.39555,-1.04086
-1.75754,-2.25361,-0.431499,-1.10068
-1.40075,-1.40313,-0.291327,-0.96911
-1.19823,-1.57382,-0.30871,-0.732141
-1.97057,-2.14355,-0.420627,-1.33558
-1.33946,-1.52267,-0.314556,-0.872632
-1.46936,-1.90088,-0.364292,-0.91498
-1.41464,-1.8521,-0.412233,-0.817193
-1.23011,-1.44206,-0.286024,-0.799879
-1.50109,-1.83631,-0.324085,-0.993376
-1.32971,-1.79059,-0.313504,-0.837144
-1.17661,-1.62643,-0.379657,-0.634309
-1.45545,-1.77822,-0.389473,-0.888158
-1.6446,-2.05572,-0.459667,-0.979364
-1.45005,-2.07799,-0.376698,-0.865553
-1.1998,-1.43046,-0.294365,-0.76239
-0.915389,-1.45814,-0.214567,-0.555007
-1.02878,-1.39264,-0.241997,-0.647515
-1.58487,-1.87781,-0.45123,-0.945859
-1.39942,-1.73671,-0.377427,-0.848323
-1.29957,-1.58182,-0.346532,-0.794861
-1.25544,-1.80665,-0.374814,-0.699966
-1.31189,-1.7319,-0.356082,-0.782617
-1.18994,-1.53933,-0.343963,-0.692042
-1.62564,-1.8637,-0.452976,-0.986295
-1.50689,-2.14465,-0.462759,-0.829664
-1.40024,-1.82554,-0.383008,-0.834682
-1.89581,-2.05316,-0.528407,-1.16209
-1.40501,-1.67885,-0.385632,-0.851493
