id	length	fscore	recall	precision
0	8	80.0	80.0	80.0
1	40	83.87	83.87	83.87
2	31	95.24	95.24	95.24
3	35	83.72	85.71	81.82
4	26	95.65	95.65	95.65
5	17	57.14	50.0	66.67
6	30	81.25	76.47	86.67
7	6	100.0	100.0	100.0
8	7	100.0	100.0	100.0
9	36	100.0	100.0	100.0
10	25	74.42	72.73	76.19
11	16	100.0	100.0	100.0
12	17	100.0	100.0	100.0
13	28	100.0	100.0	100.0
14	42	69.23	66.67	72.0
15	15	100.0	100.0	100.0
16	13	100.0	100.0	100.0
17	8	100.0	100.0	100.0
18	23	82.35	87.5	77.78
19	33	73.91	73.91	73.91
20	9	100.0	100.0	100.0
21	37	93.1	96.43	90.0
22	28	87.18	85.0	89.47
23	24	82.76	80.0	85.71
24	26	91.43	88.89	94.12
25	13	75.0	69.23	81.82
26	28	100.0	100.0	100.0
27	22	80.0	80.0	80.0
28	12	100.0	100.0	100.0
29	4	100.0	100.0	100.0
30	22	97.14	94.44	100.0
31	47	96.63	93.48	100.0
32	5	100.0	100.0	100.0
33	24	82.05	80.0	84.21
34	28	96.15	92.59	100.0
35	24	100.0	100.0	100.0
36	17	100.0	100.0	100.0
37	17	81.48	84.62	78.57
38	38	76.0	76.0	76.0
39	21	100.0	100.0	100.0
40	33	91.53	87.1	96.43
41	15	100.0	100.0	100.0
42	34	96.77	96.77	96.77
43	12	92.31	85.71	100.0
44	12	100.0	100.0	100.0
45	36	78.43	80.0	76.92
46	30	97.56	100.0	95.24
47	31	80.77	80.77	80.77
48	18	100.0	100.0	100.0
49	5	100.0	100.0	100.0
50	15	100.0	100.0	100.0
51	22	96.0	100.0	92.31
52	26	89.47	89.47	89.47
53	16	76.19	80.0	72.73
54	25	87.5	87.5	87.5
55	48	88.89	92.31	85.71
56	28	85.71	87.5	84.0
57	28	82.05	84.21	80.0
58	8	76.92	83.33	71.43
59	23	97.44	100.0	95.0
60	24	68.42	68.42	68.42
61	18	87.5	82.35	93.33
62	18	100.0	100.0	100.0
63	25	100.0	100.0	100.0
64	34	86.79	88.46	85.19
65	19	86.67	81.25	92.86
66	27	80.77	84.0	77.78
67	28	60.0	52.94	69.23
68	34	79.25	80.77	77.78
69	38	88.14	83.87	92.86
70	13	100.0	100.0	100.0
71	14	100.0	100.0	100.0
72	23	66.67	61.54	72.73
73	28	85.11	86.96	83.33
74	6	100.0	100.0	100.0
75	26	77.27	77.27	77.27
76	16	88.89	85.71	92.31
77	33	72.46	73.53	71.43
78	14	85.71	81.82	90.0
79	26	92.31	94.74	90.0
80	16	94.12	88.89	100.0
81	16	86.96	90.91	83.33
82	25	97.96	96.0	100.0
83	20	72.0	64.29	81.82
84	41	93.55	93.55	93.55
85	22	84.21	80.0	88.89
86	26	84.21	84.21	84.21
87	30	80.0	77.78	82.35
88	8	100.0	100.0	100.0
89	2	100.0	100.0	100.0
90	19	84.21	84.21	84.21
91	25	75.56	73.91	77.27
92	33	96.43	96.43	96.43
93	20	89.66	86.67	92.86
94	32	93.88	95.83	92.0
95	28	100.0	100.0	100.0
96	32	97.56	95.24	100.0
97	33	98.11	100.0	96.3
98	33	97.87	100.0	95.83
99	9	100.0	100.0	100.0
100	8	100.0	100.0	100.0
101	23	97.14	94.44	100.0
102	21	100.0	100.0	100.0
103	39	93.94	93.94	93.94
104	26	100.0	100.0	100.0
105	20	63.16	54.55	75.0
106	37	90.0	90.0	90.0
107	25	94.74	94.74	94.74
108	53	89.55	88.24	90.91
109	23	94.44	94.44	94.44
110	34	96.0	96.0	96.0
111	11	100.0	100.0	100.0
112	46	93.51	92.31	94.74
113	24	86.36	82.61	90.48
114	27	88.37	86.36	90.48
115	55	85.71	81.82	90.0
116	26	86.96	90.91	83.33
117	31	100.0	100.0	100.0
118	26	100.0	100.0	100.0
119	14	85.71	90.0	81.82
120	21	100.0	100.0	100.0
121	21	91.89	94.44	89.47
122	17	80.0	72.73	88.89
123	36	100.0	100.0	100.0
124	15	100.0	100.0	100.0
125	17	95.24	100.0	90.91
126	30	94.34	96.15	92.59
127	15	95.24	90.91	100.0
128	11	95.24	100.0	90.91
129	20	88.89	92.31	85.71
130	31	94.12	96.0	92.31
131	17	100.0	100.0	100.0
132	19	100.0	100.0	100.0
133	35	86.27	88.0	84.62
134	18	88.89	85.71	92.31
135	28	89.47	89.47	89.47
136	36	94.55	96.3	92.86
137	9	92.31	100.0	85.71
138	6	100.0	100.0	100.0
139	6	100.0	100.0	100.0
140	14	90.0	90.0	90.0
141	25	100.0	100.0	100.0
142	21	87.5	87.5	87.5
143	8	100.0	100.0	100.0
144	16	89.66	92.86	86.67
145	19	96.55	93.33	100.0
146	32	75.68	82.35	70.0
147	32	71.79	66.67	77.78
148	26	97.44	95.0	100.0
149	26	95.08	96.67	93.55
150	11	87.5	87.5	87.5
151	27	97.44	100.0	95.0
152	19	93.33	93.33	93.33
153	16	96.55	100.0	93.33
154	19	85.71	85.71	85.71
155	20	94.12	94.12	94.12
156	22	100.0	100.0	100.0
157	30	96.77	93.75	100.0
158	12	100.0	100.0	100.0
159	27	97.3	94.74	100.0
160	29	97.96	96.0	100.0
161	21	100.0	100.0	100.0
162	21	92.31	94.74	90.0
163	28	96.67	96.67	96.67
164	16	100.0	100.0	100.0
165	11	93.33	100.0	87.5
166	9	93.33	87.5	100.0
167	10	100.0	100.0	100.0
168	20	80.0	77.78	82.35
169	13	82.35	77.78	87.5
170	9	85.71	85.71	85.71
171	20	95.65	91.67	100.0
172	16	84.62	84.62	84.62
173	16	96.0	100.0	92.31
174	27	100.0	100.0	100.0
175	21	94.74	94.74	94.74
176	19	75.0	69.23	81.82
177	32	95.24	95.24	95.24
178	10	92.31	100.0	85.71
179	13	94.74	90.0	100.0
180	23	95.24	90.91	100.0
181	20	100.0	100.0	100.0
182	37	97.87	95.83	100.0
183	30	100.0	100.0	100.0
184	12	100.0	100.0	100.0
185	18	87.5	87.5	87.5
186	29	89.29	89.29	89.29
187	17	90.32	93.33	87.5
188	21	96.97	94.12	100.0
189	26	100.0	100.0	100.0
190	43	100.0	100.0	100.0
191	15	100.0	100.0	100.0
192	31	85.19	85.19	85.19
193	17	100.0	100.0	100.0
194	41	95.65	94.29	97.06
195	42	93.15	94.44	91.89
196	66	92.73	94.44	91.07
197	55	83.33	81.82	84.91
198	12	70.0	70.0	70.0
199	23	80.0	82.35	77.78
200	11	100.0	100.0	100.0
201	39	96.43	96.43	96.43
202	26	78.05	76.19	80.0
203	15	96.55	100.0	93.33
204	36	86.79	85.19	88.46
205	14	100.0	100.0	100.0
206	29	83.72	81.82	85.71
207	34	74.51	73.08	76.0
208	25	97.67	95.45	100.0
209	24	85.71	81.82	90.0
210	25	73.17	68.18	78.95
211	22	100.0	100.0	100.0
212	27	78.26	75.0	81.82
213	37	88.89	88.89	88.89
214	40	80.0	75.86	84.62
215	29	95.83	95.83	95.83
216	14	92.31	85.71	100.0
217	37	96.39	95.24	97.56
218	14	100.0	100.0	100.0
219	32	94.12	96.0	92.31
220	45	96.88	96.88	96.88
221	22	70.97	73.33	68.75
222	36	86.11	88.57	83.78
223	16	90.32	87.5	93.33
224	12	100.0	100.0	100.0
225	40	93.02	95.24	90.91
226	33	81.82	85.71	78.26
227	24	86.36	86.36	86.36
228	24	83.87	81.25	86.67
229	13	70.0	70.0	70.0
230	18	93.33	93.33	93.33
231	46	90.0	90.0	90.0
232	5	100.0	100.0	100.0
233	29	95.65	91.67	100.0
234	21	100.0	100.0	100.0
235	11	100.0	100.0	100.0
236	7	100.0	100.0	100.0
237	30	97.67	95.45	100.0
238	7	100.0	100.0	100.0
239	35	92.31	92.31	92.31
240	59	82.35	81.4	83.33
241	6	100.0	100.0	100.0
242	13	84.21	88.89	80.0
243	24	94.12	94.12	94.12
244	21	100.0	100.0	100.0
245	16	100.0	100.0	100.0
246	46	94.59	94.59	94.59
247	32	92.0	95.83	88.46
248	29	90.48	95.0	86.36
249	31	79.25	80.77	77.78
250	30	100.0	100.0	100.0
251	31	96.55	96.55	96.55
252	33	85.71	85.71	85.71
253	20	93.75	93.75	93.75
254	42	88.46	85.19	92.0
255	34	77.19	75.86	78.57
256	27	88.89	95.24	83.33
257	37	84.44	86.36	82.61
258	18	100.0	100.0	100.0
259	14	90.91	83.33	100.0
260	13	80.0	85.71	75.0
261	12	80.0	72.73	88.89
262	28	69.77	68.18	71.43
263	15	100.0	100.0	100.0
264	22	85.71	92.31	80.0
265	25	93.02	90.91	95.24
266	55	95.38	93.94	96.88
267	16	100.0	100.0	100.0
268	36	95.38	96.88	93.94
269	51	89.41	90.48	88.37
270	21	79.07	73.91	85.0
271	38	83.33	78.12	89.29
272	10	100.0	100.0	100.0
273	36	98.04	96.15	100.0
274	29	93.33	100.0	87.5
275	31	82.76	82.76	82.76
276	19	100.0	100.0	100.0
277	32	80.0	82.76	77.42
278	17	92.86	92.86	92.86
279	22	73.68	70.0	77.78
280	12	83.33	90.91	76.92
281	41	86.67	81.25	92.86
282	34	90.48	86.36	95.0
283	24	82.61	82.61	82.61
284	22	100.0	100.0	100.0
285	14	76.92	83.33	71.43
286	21	95.0	90.48	100.0
287	20	93.33	93.33	93.33
288	12	100.0	100.0	100.0
289	23	90.0	90.0	90.0
290	37	87.5	84.0	91.3
291	46	95.65	94.29	97.06
292	30	71.43	68.18	75.0
293	17	100.0	100.0	100.0
294	31	74.29	72.22	76.47
295	31	84.62	84.62	84.62
296	22	74.29	76.47	72.22
297	27	95.0	95.0	95.0
298	21	78.57	78.57	78.57
299	19	100.0	100.0	100.0
300	22	100.0	100.0	100.0
301	16	96.97	94.12	100.0
302	33	81.97	80.65	83.33
303	30	85.25	86.67	83.87
304	11	80.0	66.67	100.0
305	8	100.0	100.0	100.0
306	19	97.14	100.0	94.44
307	21	84.85	87.5	82.35
308	20	100.0	100.0	100.0
309	20	88.37	90.48	86.36
310	4	100.0	100.0	100.0
311	5	100.0	100.0	100.0
312	20	100.0	100.0	100.0
313	14	100.0	100.0	100.0
314	19	100.0	100.0	100.0
315	42	92.59	92.59	92.59
316	32	68.09	69.57	66.67
317	14	86.96	90.91	83.33
318	52	58.97	57.5	60.53
319	23	80.95	80.95	80.95
320	16	88.24	88.24	88.24
321	25	100.0	100.0	100.0
322	18	91.43	84.21	100.0
323	27	88.0	88.0	88.0
324	6	100.0	100.0	100.0
325	10	94.12	88.89	100.0
326	18	96.0	92.31	100.0
327	20	92.31	92.31	92.31
328	17	100.0	100.0	100.0
329	25	83.33	83.33	83.33
330	20	94.12	94.12	94.12
331	43	95.89	94.59	97.22
332	10	100.0	100.0	100.0
333	24	100.0	100.0	100.0
334	23	96.77	100.0	93.75
335	7	92.31	100.0	85.71
336	24	100.0	100.0	100.0
337	17	80.0	72.73	88.89
338	17	76.92	71.43	83.33
339	30	95.65	95.65	95.65
340	10	100.0	100.0	100.0
341	12	94.12	88.89	100.0
342	12	50.0	50.0	50.0
343	12	100.0	100.0	100.0
344	22	100.0	100.0	100.0
345	34	89.23	90.62	87.88
346	32	92.0	92.0	92.0
347	55	63.64	65.62	61.76
348	22	93.33	93.33	93.33
349	44	94.44	94.44	94.44
350	30	93.62	91.67	95.65
351	28	80.0	82.35	77.78
352	32	80.0	83.33	76.92
353	30	98.18	96.43	100.0
354	25	97.56	100.0	95.24
355	35	98.18	96.43	100.0
356	20	90.32	87.5	93.33
357	18	92.31	100.0	85.71
358	32	79.25	77.78	80.77
359	30	94.74	94.74	94.74
360	36	96.67	96.67	96.67
361	26	97.3	94.74	100.0
362	24	92.31	94.74	90.0
363	35	88.46	85.19	92.0
364	26	94.74	100.0	90.0
365	20	97.56	100.0	95.24
366	25	100.0	100.0	100.0
367	36	93.94	96.88	91.18
368	23	88.89	92.31	85.71
369	38	98.46	96.97	100.0
370	24	100.0	100.0	100.0
371	22	100.0	100.0	100.0
372	21	87.8	90.0	85.71
373	23	96.0	92.31	100.0
374	33	96.15	96.15	96.15
375	22	90.48	86.36	95.0
376	28	94.44	94.44	94.44
377	13	81.82	81.82	81.82
378	19	100.0	100.0	100.0
379	27	97.3	94.74	100.0
380	17	96.0	100.0	92.31
381	23	90.32	87.5	93.33
382	24	92.31	90.0	94.74
383	29	91.3	87.5	95.45
384	43	80.0	81.25	78.79
385	31	100.0	100.0	100.0
386	29	80.0	77.78	82.35
387	6	100.0	100.0	100.0
388	36	98.25	96.55	100.0
389	26	100.0	100.0	100.0
390	27	100.0	100.0	100.0
391	18	74.07	76.92	71.43
392	34	86.96	83.33	90.91
393	18	88.0	91.67	84.62
394	21	73.68	77.78	70.0
395	28	83.33	86.96	80.0
396	23	62.86	61.11	64.71
397	34	98.11	100.0	96.3
398	24	88.89	84.21	94.12
399	27	100.0	100.0	100.0
400	35	90.14	91.43	88.89
401	25	100.0	100.0	100.0
402	33	97.87	95.83	100.0
403	13	90.0	90.0	90.0
404	23	92.31	85.71	100.0
405	19	97.44	100.0	95.0
406	25	97.14	100.0	94.44
407	33	96.43	96.43	96.43
408	16	100.0	100.0	100.0
409	32	91.8	87.5	96.55
410	13	95.24	90.91	100.0
411	15	96.97	94.12	100.0
412	8	83.33	83.33	83.33
413	16	96.3	100.0	92.86
414	26	100.0	100.0	100.0
415	18	100.0	100.0	100.0
416	42	94.29	91.67	97.06
417	37	88.14	89.66	86.67
418	45	82.22	82.22	82.22
419	24	95.0	95.0	95.0
420	25	97.44	95.0	100.0
421	30	91.3	91.3	91.3
422	21	93.62	91.67	95.65
423	20	81.25	76.47	86.67
424	22	100.0	100.0	100.0
425	16	100.0	100.0	100.0
426	24	100.0	100.0	100.0
427	18	90.91	83.33	100.0
428	17	86.49	88.89	84.21
429	30	93.88	88.46	100.0
430	41	100.0	100.0	100.0
431	9	93.33	100.0	87.5
432	17	100.0	100.0	100.0
433	17	75.0	80.0	70.59
434	25	70.59	66.67	75.0
435	21	92.68	95.0	90.48
436	26	77.27	77.27	77.27
437	30	97.3	94.74	100.0
438	22	92.31	90.0	94.74
439	22	94.44	94.44	94.44
440	47	86.49	80.0	94.12
441	33	91.53	93.1	90.0
442	13	92.31	92.31	92.31
443	19	73.33	73.33	73.33
444	9	90.0	90.0	90.0
445	10	100.0	100.0	100.0
446	18	94.74	94.74	94.74
447	23	95.65	91.67	100.0
448	45	95.89	97.22	94.59
449	29	92.31	96.0	88.89
450	21	100.0	100.0	100.0
451	20	87.8	90.0	85.71
452	7	100.0	100.0	100.0
453	9	100.0	100.0	100.0
454	14	96.3	92.86	100.0
455	48	83.54	82.5	84.62
456	12	95.24	90.91	100.0
457	17	96.0	100.0	92.31
458	21	100.0	100.0	100.0
459	19	100.0	100.0	100.0
460	26	97.14	100.0	94.44
461	22	82.35	82.35	82.35
462	30	81.82	75.0	90.0
463	16	83.33	83.33	83.33
464	28	93.02	90.91	95.24
465	24	71.79	66.67	77.78
466	11	94.12	88.89	100.0
467	16	100.0	100.0	100.0
468	25	62.5	62.5	62.5
469	25	97.78	100.0	95.65
470	24	97.87	95.83	100.0
471	24	100.0	100.0	100.0
472	10	100.0	100.0	100.0
473	25	97.14	100.0	94.44
474	25	96.55	100.0	93.33
475	20	100.0	100.0	100.0
476	36	96.97	96.97	96.97
477	28	79.25	84.0	75.0
478	48	80.0	80.0	80.0
479	20	95.0	95.0	95.0
480	11	100.0	100.0	100.0
481	15	96.0	100.0	92.31
482	23	96.0	100.0	92.31
483	5	100.0	100.0	100.0
484	37	92.59	89.29	96.15
485	16	66.67	66.67	66.67
486	10	92.31	100.0	85.71
487	15	100.0	100.0	100.0
488	36	62.96	60.71	65.38
489	32	71.7	70.37	73.08
490	32	86.27	88.0	84.62
491	21	86.67	86.67	86.67
492	8	100.0	100.0	100.0
493	25	88.89	90.91	86.96
494	18	91.67	91.67	91.67
495	23	90.0	90.0	90.0
496	14	100.0	100.0	100.0
497	17	81.48	84.62	78.57
498	11	85.71	85.71	85.71
499	19	55.17	53.33	57.14
500	5	72.73	80.0	66.67
501	23	74.29	76.47	72.22
502	7	100.0	100.0	100.0
503	34	90.48	90.48	90.48
504	23	91.43	94.12	88.89
505	11	85.71	85.71	85.71
506	18	88.89	85.71	92.31
507	32	96.55	96.55	96.55
508	15	85.71	100.0	75.0
509	19	83.87	81.25	86.67
510	27	78.05	80.0	76.19
511	17	90.32	87.5	93.33
512	21	100.0	100.0	100.0
513	30	78.43	76.92	80.0
514	16	100.0	100.0	100.0
515	17	90.32	87.5	93.33
516	6	75.0	75.0	75.0
517	28	93.33	91.3	95.45
518	14	100.0	100.0	100.0
519	23	100.0	100.0	100.0
520	19	96.3	100.0	92.86
521	23	75.86	78.57	73.33
522	40	92.31	85.71	100.0
523	43	95.38	93.94	96.88
524	51	77.65	78.57	76.74
525	22	95.24	95.24	95.24
526	28	80.0	80.0	80.0
527	37	97.22	97.22	97.22
528	45	94.74	100.0	90.0
529	9	77.78	77.78	77.78
530	26	91.89	89.47	94.44
531	15	100.0	100.0	100.0
532	18	100.0	100.0	100.0
533	22	97.44	100.0	95.0
534	34	100.0	100.0	100.0
535	31	86.96	83.33	90.91
536	20	100.0	100.0	100.0
537	37	96.55	100.0	93.33
538	28	93.62	95.65	91.67
539	17	100.0	100.0	100.0
540	26	92.31	90.0	94.74
541	25	100.0	100.0	100.0
542	20	90.32	87.5	93.33
543	42	85.29	85.29	85.29
544	27	91.3	91.3	91.3
545	19	100.0	100.0	100.0
546	25	97.78	100.0	95.65
547	30	78.26	72.0	85.71
548	24	77.27	70.83	85.0
549	37	85.29	82.86	87.88
550	38	87.88	87.88	87.88
551	44	97.14	97.14	97.14
552	29	98.04	96.15	100.0
553	36	93.1	96.43	90.0
554	19	100.0	100.0	100.0
555	16	100.0	100.0	100.0
556	19	100.0	100.0	100.0
557	21	70.97	78.57	64.71
558	7	100.0	100.0	100.0
559	36	90.91	90.91	90.91
560	33	100.0	100.0	100.0
561	10	100.0	100.0	100.0
562	30	68.0	70.83	65.38
563	45	90.67	94.44	87.18
564	44	89.66	89.66	89.66
565	20	100.0	100.0	100.0
566	16	100.0	100.0	100.0
567	14	100.0	100.0	100.0
568	14	100.0	100.0	100.0
569	14	80.0	88.89	72.73
570	12	100.0	100.0	100.0
571	21	96.55	93.33	100.0
572	16	97.3	100.0	94.74
573	33	88.0	84.62	91.67
574	32	94.74	96.43	93.1
575	20	96.3	92.86	100.0
576	37	75.0	72.73	77.42
577	11	100.0	100.0	100.0
578	12	100.0	100.0	100.0
579	40	86.15	84.85	87.5
580	18	92.86	92.86	92.86
581	30	85.71	78.26	94.74
582	25	97.56	100.0	95.24
583	19	100.0	100.0	100.0
584	21	91.43	88.89	94.12
585	34	93.88	92.0	95.83
586	28	100.0	100.0	100.0
587	24	97.14	94.44	100.0
588	41	97.67	100.0	95.45
589	13	100.0	100.0	100.0
590	49	98.67	97.37	100.0
591	20	92.86	92.86	92.86
592	16	83.87	86.67	81.25
593	37	82.35	80.77	84.0
594	30	100.0	100.0	100.0
595	9	61.54	57.14	66.67
596	22	80.95	77.27	85.0
597	31	76.6	75.0	78.26
598	23	88.89	84.21	94.12
599	35	85.19	85.19	85.19
600	36	80.85	79.17	82.61
601	14	86.96	83.33	90.91
602	28	100.0	100.0	100.0
603	18	100.0	100.0	100.0
604	25	97.96	100.0	96.0
605	22	97.14	100.0	94.44
606	17	91.67	84.62	100.0
607	40	88.24	88.24	88.24
608	1	100.0	100.0	100.0
609	30	94.12	96.0	92.31
610	32	82.93	85.0	80.95
611	17	63.16	54.55	75.0
612	28	100.0	100.0	100.0
613	21	75.86	73.33	78.57
614	24	100.0	100.0	100.0
615	21	92.86	92.86	92.86
616	15	96.55	93.33	100.0
617	24	97.44	100.0	95.0
618	36	90.62	93.55	87.88
619	25	90.48	90.48	90.48
620	31	92.31	94.74	90.0
621	26	95.45	95.45	95.45
622	34	93.62	95.65	91.67
623	29	95.0	95.0	95.0
624	37	94.34	96.15	92.59
625	11	100.0	100.0	100.0
626	44	85.0	80.95	89.47
627	16	88.0	84.62	91.67
628	30	100.0	100.0	100.0
629	24	85.71	83.33	88.24
630	22	83.33	88.24	78.95
631	30	87.5	87.5	87.5
632	33	94.34	92.59	96.15
633	37	95.65	100.0	91.67
634	37	91.43	91.43	91.43
635	11	95.24	100.0	90.91
636	21	94.44	94.44	94.44
637	33	90.57	92.31	88.89
638	42	92.75	91.43	94.12
639	15	76.92	76.92	76.92
640	25	93.75	93.75	93.75
641	19	100.0	100.0	100.0
642	29	84.44	79.17	90.48
643	4	100.0	100.0	100.0
644	3	100.0	100.0	100.0
645	27	100.0	100.0	100.0
646	19	100.0	100.0	100.0
647	3	100.0	100.0	100.0
648	21	88.0	100.0	78.57
649	17	100.0	100.0	100.0
650	3	100.0	100.0	100.0
651	35	71.43	71.43	71.43
652	20	82.76	80.0	85.71
653	41	88.89	83.33	95.24
654	3	100.0	100.0	100.0
655	18	85.71	81.82	90.0
656	31	84.62	88.0	81.48
657	14	100.0	100.0	100.0
658	17	100.0	100.0	100.0
659	29	91.3	91.3	91.3
660	34	92.59	92.59	92.59
661	11	100.0	100.0	100.0
662	32	87.88	90.62	85.29
663	18	100.0	100.0	100.0
664	24	100.0	100.0	100.0
665	20	97.44	100.0	95.0
666	32	92.31	94.74	90.0
667	11	100.0	100.0	100.0
668	29	93.02	100.0	86.96
669	21	88.89	92.31	85.71
670	33	88.89	90.91	86.96
671	38	94.12	96.0	92.31
672	17	100.0	100.0	100.0
673	20	86.36	86.36	86.36
674	30	100.0	100.0	100.0
675	23	97.44	100.0	95.0
676	19	92.86	92.86	92.86
677	27	86.49	80.0	94.12
678	18	100.0	100.0	100.0
679	33	93.1	96.43	90.0
680	27	81.82	81.82	81.82
681	16	100.0	100.0	100.0
682	22	94.74	94.74	94.74
683	24	92.31	90.0	94.74
684	28	95.0	95.0	95.0
685	31	94.34	96.15	92.59
686	22	85.0	89.47	80.95
687	32	93.88	92.0	95.83
688	27	95.83	92.0	100.0
689	27	85.71	83.33	88.24
690	29	74.51	76.0	73.08
691	48	93.62	100.0	88.0
692	24	100.0	100.0	100.0
693	28	75.56	73.91	77.27
694	18	100.0	100.0	100.0
695	40	95.52	96.97	94.12
696	8	83.33	83.33	83.33
697	38	95.83	95.83	95.83
698	19	75.0	69.23	81.82
699	37	89.36	91.3	87.5
700	32	100.0	100.0	100.0
701	44	79.37	80.65	78.12
702	33	90.48	90.48	90.48
703	13	100.0	100.0	100.0
704	17	100.0	100.0	100.0
705	24	88.24	88.24	88.24
706	18	100.0	100.0	100.0
707	13	100.0	100.0	100.0
708	24	88.24	88.24	88.24
709	13	100.0	100.0	100.0
710	11	100.0	100.0	100.0
711	41	71.88	71.88	71.88
712	29	89.36	87.5	91.3
713	28	100.0	100.0	100.0
714	38	93.33	93.33	93.33
715	21	86.49	88.89	84.21
716	36	95.83	100.0	92.0
717	26	100.0	100.0	100.0
718	39	91.67	84.62	100.0
719	39	81.48	81.48	81.48
720	30	85.71	85.71	85.71
721	15	100.0	100.0	100.0
722	18	81.82	81.82	81.82
723	37	100.0	100.0	100.0
724	27	90.91	93.75	88.24
725	41	95.52	96.97	94.12
726	46	92.96	91.67	94.29
727	33	88.89	90.91	86.96
728	26	100.0	100.0	100.0
729	28	92.0	92.0	92.0
730	29	64.0	61.54	66.67
731	22	90.48	90.48	90.48
732	32	83.33	86.21	80.65
733	29	95.83	95.83	95.83
734	21	76.19	76.19	76.19
735	37	89.47	89.47	89.47
736	37	97.96	96.0	100.0
737	44	78.69	75.0	82.76
738	28	93.33	91.3	95.45
739	30	86.21	83.33	89.29
740	16	100.0	100.0	100.0
741	30	96.3	92.86	100.0
742	22	100.0	100.0	100.0
743	40	78.69	77.42	80.0
744	26	31.58	28.57	35.29
745	16	92.31	92.31	92.31
746	21	73.68	73.68	73.68
747	41	96.1	97.37	94.87
748	50	96.1	94.87	97.37
749	16	95.0	95.0	95.0
750	32	100.0	100.0	100.0
751	29	84.0	87.5	80.77
752	11	94.12	100.0	88.89
753	17	100.0	100.0	100.0
754	31	87.5	87.5	87.5
755	34	91.53	93.1	90.0
756	12	100.0	100.0	100.0
757	22	91.3	87.5	95.45
758	12	100.0	100.0	100.0
759	7	100.0	100.0	100.0
760	43	84.51	83.33	85.71
761	25	87.5	91.3	84.0
762	38	96.43	96.43	96.43
763	13	85.71	90.0	81.82
764	36	78.79	81.25	76.47
765	13	100.0	100.0	100.0
766	27	82.35	82.35	82.35
767	26	85.71	85.71	85.71
768	30	67.69	66.67	68.75
769	28	85.25	86.67	83.87
770	11	100.0	100.0	100.0
771	32	92.59	92.59	92.59
772	38	96.43	93.1	100.0
773	23	85.71	85.71	85.71
774	10	93.33	87.5	100.0
775	35	89.55	90.91	88.24
776	25	100.0	100.0	100.0
777	7	80.0	80.0	80.0
778	13	100.0	100.0	100.0
779	23	88.89	88.89	88.89
780	37	84.38	81.82	87.1
781	32	94.34	96.15	92.59
782	39	94.74	96.43	93.1
783	11	100.0	100.0	100.0
784	10	100.0	100.0	100.0
785	34	98.11	96.3	100.0
786	29	100.0	100.0	100.0
787	40	92.31	92.31	92.31
788	31	94.34	92.59	96.15
789	42	100.0	100.0	100.0
790	27	100.0	100.0	100.0
791	28	95.24	95.24	95.24
792	38	92.06	90.62	93.55
793	54	89.19	84.62	94.29
794	29	90.0	90.0	90.0
795	19	100.0	100.0	100.0
796	17	96.0	92.31	100.0
797	28	97.78	100.0	95.65
798	20	100.0	100.0	100.0
799	16	100.0	100.0	100.0
800	19	100.0	100.0	100.0
801	7	100.0	100.0	100.0
802	36	69.84	68.75	70.97
803	23	97.3	94.74	100.0
804	24	82.35	77.78	87.5
805	21	100.0	100.0	100.0
806	23	100.0	100.0	100.0
807	54	77.27	75.56	79.07
808	12	93.33	87.5	100.0
809	5	100.0	100.0	100.0
810	43	90.0	90.0	90.0
811	33	91.67	91.67	91.67
812	39	85.71	81.82	90.0
813	26	93.33	95.45	91.3
814	28	100.0	100.0	100.0
815	26	73.68	66.67	82.35
816	18	100.0	100.0	100.0
817	19	100.0	100.0	100.0
818	9	100.0	100.0	100.0
819	39	61.76	58.33	65.62
820	16	90.0	81.82	100.0
821	29	83.33	83.33	83.33
822	48	98.55	100.0	97.14
823	9	93.33	87.5	100.0
824	37	100.0	100.0	100.0
825	22	100.0	100.0	100.0
826	13	100.0	100.0	100.0
827	19	90.32	93.33	87.5
828	21	85.71	85.71	85.71
829	28	97.3	100.0	94.74
830	22	77.78	73.68	82.35
831	26	72.34	73.91	70.83
832	15	100.0	100.0	100.0
833	13	90.0	90.0	90.0
834	20	81.48	84.62	78.57
835	12	100.0	100.0	100.0
836	25	94.12	94.12	94.12
837	30	88.89	85.71	92.31
838	44	83.08	81.82	84.38
839	18	91.67	100.0	84.62
840	52	91.53	93.1	90.0
841	18	81.82	75.0	90.0
842	42	68.75	66.67	70.97
843	49	60.0	63.64	56.76
844	37	57.69	62.5	53.57
845	28	59.46	55.0	64.71
846	17	92.31	85.71	100.0
847	39	86.11	88.57	83.78
848	25	84.21	80.0	88.89
849	27	91.67	84.62	100.0
850	36	72.41	65.62	80.77
851	18	96.0	92.31	100.0
852	8	100.0	100.0	100.0
853	33	88.89	88.89	88.89
854	21	96.77	93.75	100.0
855	18	68.29	70.0	66.67
856	20	93.75	93.75	93.75
857	15	70.59	66.67	75.0
858	61	91.11	87.23	95.35
859	7	100.0	100.0	100.0
860	32	97.56	95.24	100.0
861	25	79.07	77.27	80.95
862	25	96.77	100.0	93.75
863	23	94.44	94.44	94.44
864	29	92.31	92.31	92.31
865	23	75.86	73.33	78.57
866	24	82.93	80.95	85.0
867	34	85.25	86.67	83.87
868	10	88.89	80.0	100.0
869	42	58.54	57.14	60.0
870	41	82.93	85.0	80.95
871	13	86.96	100.0	76.92
872	5	100.0	100.0	100.0
873	38	89.55	90.91	88.24
874	34	86.67	89.66	83.87
875	13	88.89	88.89	88.89
876	32	81.48	81.48	81.48
877	31	86.79	88.46	85.19
878	42	97.14	97.14	97.14
879	15	100.0	100.0	100.0
880	34	86.21	86.21	86.21
881	24	80.0	85.71	75.0
882	18	100.0	100.0	100.0
883	37	92.06	90.62	93.55
884	30	81.82	81.82	81.82
885	15	94.74	90.0	100.0
886	24	100.0	100.0	100.0
887	22	100.0	100.0	100.0
888	44	81.69	85.29	78.38
889	35	100.0	100.0	100.0
890	20	96.77	100.0	93.75
891	33	91.23	89.66	92.86
892	39	88.89	94.12	84.21
893	6	88.89	80.0	100.0
894	15	33.33	31.25	35.71
895	29	80.85	79.17	82.61
896	52	92.5	92.5	92.5
897	17	93.33	93.33	93.33
898	33	89.36	87.5	91.3
899	27	90.91	90.91	90.91
900	19	100.0	100.0	100.0
901	38	90.32	87.5	93.33
902	31	97.87	95.83	100.0
903	40	96.15	96.15	96.15
904	64	81.72	76.0	88.37
905	28	43.9	42.86	45.0
906	18	90.91	88.24	93.75
907	35	86.67	86.67	86.67
908	25	96.97	100.0	94.12
909	19	77.42	80.0	75.0
910	10	66.67	50.0	100.0
911	15	74.07	71.43	76.92
912	10	100.0	100.0	100.0
913	12	72.73	66.67	80.0
914	26	90.57	92.31	88.89
915	31	78.26	85.71	72.0
916	13	93.33	87.5	100.0
917	24	83.87	81.25	86.67
918	22	88.24	83.33	93.75
919	12	100.0	100.0	100.0
920	32	53.06	52.0	54.17
921	26	81.08	78.95	83.33
922	16	88.24	83.33	93.75
923	28	75.0	75.0	75.0
924	19	85.71	83.33	88.24
925	29	88.89	88.89	88.89
926	30	100.0	100.0	100.0
927	27	97.87	100.0	95.83
928	35	96.15	92.59	100.0
929	14	92.31	92.31	92.31
930	16	94.74	90.0	100.0
931	27	81.08	83.33	78.95
932	24	87.5	87.5	87.5
933	24	97.14	94.44	100.0
934	19	96.0	100.0	92.31
935	14	100.0	100.0	100.0
936	16	88.89	85.71	92.31
937	9	87.5	77.78	100.0
938	31	82.35	77.78	87.5
939	13	100.0	100.0	100.0
940	10	85.71	85.71	85.71
941	21	90.91	83.33	100.0
942	5	80.0	66.67	100.0
943	13	85.71	81.82	90.0
944	7	80.0	66.67	100.0
945	15	100.0	100.0	100.0
946	18	88.89	80.0	100.0
947	29	88.89	86.96	90.91
948	28	80.0	82.35	77.78
949	27	78.26	81.82	75.0
950	32	90.48	86.36	95.0
951	27	89.36	91.3	87.5
952	17	83.33	90.91	76.92
953	24	97.14	94.44	100.0
954	37	90.62	96.67	85.29
955	23	100.0	100.0	100.0
956	23	96.55	100.0	93.33
957	41	72.13	73.33	70.97
958	23	96.3	92.86	100.0
959	19	92.31	92.31	92.31
960	32	100.0	100.0	100.0
961	31	94.55	96.3	92.86
962	33	88.14	89.66	86.67
963	39	86.15	87.5	84.85
964	30	100.0	100.0	100.0
965	23	92.31	94.74	90.0
966	18	95.24	100.0	90.91
967	28	84.0	84.0	84.0
968	19	95.65	91.67	100.0
969	18	96.77	100.0	93.75
970	31	74.58	73.33	75.86
971	24	95.65	95.65	95.65
972	11	100.0	100.0	100.0
973	22	82.05	84.21	80.0
974	39	58.18	57.14	59.26
975	48	73.42	74.36	72.5
976	33	95.83	95.83	95.83
977	44	93.33	92.11	94.59
978	32	100.0	100.0	100.0
979	39	89.66	92.86	86.67
980	29	91.3	91.3	91.3
981	17	100.0	100.0	100.0
982	15	94.12	100.0	88.89
983	25	84.85	87.5	82.35
984	19	100.0	100.0	100.0
985	26	76.6	66.67	90.0
986	23	85.71	83.33	88.24
987	15	100.0	100.0	100.0
988	12	90.0	81.82	100.0
989	30	95.45	95.45	95.45
990	31	93.62	95.65	91.67
991	21	93.33	93.33	93.33
992	42	71.64	70.59	72.73
993	11	100.0	100.0	100.0
994	18	100.0	100.0	100.0
995	21	96.97	100.0	94.12
996	34	91.53	93.1	90.0
997	22	97.14	94.44	100.0
998	18	96.97	100.0	94.12
999	24	97.96	100.0	96.0
1000	28	97.67	95.45	100.0
1001	17	94.44	100.0	89.47
1002	21	100.0	100.0	100.0
1003	35	96.0	92.31	100.0
1004	17	96.77	100.0	93.75
1005	21	92.31	94.74	90.0
1006	13	92.31	85.71	100.0
1007	16	87.5	87.5	87.5
1008	16	90.91	83.33	100.0
1009	40	85.71	92.31	80.0
1010	56	57.58	59.38	55.88
1011	29	81.08	78.95	83.33
1012	17	76.19	72.73	80.0
1013	39	88.14	86.67	89.66
1014	67	67.35	63.46	71.74
1015	40	100.0	100.0	100.0
1016	31	90.48	86.36	95.0
1017	35	86.15	84.85	87.5
1018	43	92.31	96.0	88.89
1019	28	60.0	57.69	62.5
1020	21	93.75	93.75	93.75
1021	16	92.31	92.31	92.31
1022	14	82.35	77.78	87.5
1023	11	100.0	100.0	100.0
1024	20	80.0	80.0	80.0
1025	30	93.1	93.1	93.1
1026	11	100.0	100.0	100.0
1027	25	97.44	100.0	95.0
1028	28	100.0	100.0	100.0
1029	13	100.0	100.0	100.0
1030	29	89.8	88.0	91.67
1031	11	100.0	100.0	100.0
1032	21	100.0	100.0	100.0
1033	40	89.86	91.18	88.57
1034	18	84.62	84.62	84.62
1035	37	90.48	90.48	90.48
1036	18	83.87	81.25	86.67
1037	25	94.74	94.74	94.74
1038	14	100.0	100.0	100.0
1039	29	92.31	92.31	92.31
1040	21	90.32	93.33	87.5
1041	19	100.0	100.0	100.0
1042	12	100.0	100.0	100.0
1043	15	87.5	82.35	93.33
1044	34	83.64	82.14	85.19
1045	36	85.71	84.0	87.5
1046	9	100.0	100.0	100.0
1047	38	93.1	93.1	93.1
1048	35	79.25	84.0	75.0
1049	32	80.85	76.0	86.36
1050	38	93.75	93.75	93.75
1051	17	100.0	100.0	100.0
1052	18	88.24	100.0	78.95
1053	18	88.89	100.0	80.0
1054	47	69.14	71.79	66.67
1055	7	100.0	100.0	100.0
1056	20	92.31	94.74	90.0
1057	26	66.67	65.71	67.65
1058	20	70.59	66.67	75.0
1059	26	80.0	80.0	80.0
1060	37	96.43	96.43	96.43
1061	21	96.55	100.0	93.33
1062	9	100.0	100.0	100.0
1063	38	58.62	60.71	56.67
1064	15	100.0	100.0	100.0
1065	26	71.11	72.73	69.57
1066	11	100.0	100.0	100.0
1067	15	100.0	100.0	100.0
1068	28	74.51	73.08	76.0
1069	37	95.24	95.24	95.24
1070	10	80.0	75.0	85.71
1071	25	100.0	100.0	100.0
1072	37	91.23	89.66	92.86
1073	32	65.38	62.96	68.0
1074	19	75.0	69.23	81.82
1075	16	84.21	88.89	80.0
1076	28	76.92	80.0	74.07
1077	34	88.0	84.62	91.67
1078	7	100.0	100.0	100.0
1079	48	55.7	55.0	56.41
1080	18	100.0	100.0	100.0
1081	20	88.89	92.31	85.71
1082	26	93.33	95.45	91.3
1083	32	80.0	80.0	80.0
1084	35	90.62	85.29	96.67
1085	35	93.55	93.55	93.55
1086	19	92.31	92.31	92.31
1087	24	85.0	85.0	85.0
1088	18	96.77	93.75	100.0
1089	16	100.0	100.0	100.0
1090	17	96.77	93.75	100.0
1091	13	71.43	71.43	71.43
1092	45	89.86	88.57	91.18
1093	47	75.0	70.59	80.0
1094	28	98.18	100.0	96.43
1095	30	96.55	93.33	100.0
1096	11	100.0	100.0	100.0
1097	14	100.0	100.0	100.0
1098	18	86.96	90.91	83.33
1099	18	94.44	89.47	100.0
1100	3	100.0	100.0	100.0
1101	29	97.78	100.0	95.65
1102	46	98.67	97.37	100.0
1103	22	100.0	100.0	100.0
1104	25	84.21	84.21	84.21
1105	30	100.0	100.0	100.0
1106	37	98.67	97.37	100.0
1107	16	100.0	100.0	100.0
1108	17	100.0	100.0	100.0
1109	18	100.0	100.0	100.0
1110	13	50.0	50.0	50.0
1111	28	95.45	100.0	91.3
1112	42	86.57	90.62	82.86
1113	25	90.48	86.36	95.0
1114	38	86.15	84.85	87.5
1115	34	98.18	100.0	96.43
1116	45	100.0	100.0	100.0
1117	6	72.73	80.0	66.67
1118	44	88.61	87.5	89.74
1119	23	88.24	88.24	88.24
1120	26	84.44	86.36	82.61
1121	47	85.37	85.37	85.37
1122	29	96.97	94.12	100.0
1123	25	96.55	100.0	93.33
1124	32	88.52	90.0	87.1
1125	26	77.78	77.78	77.78
1126	15	100.0	100.0	100.0
1127	22	97.3	94.74	100.0
1128	29	82.14	82.14	82.14
1129	7	100.0	100.0	100.0
1130	13	100.0	100.0	100.0
1131	31	75.56	73.91	77.27
1132	13	88.0	84.62	91.67
1133	33	85.71	87.1	84.38
1134	22	100.0	100.0	100.0
1135	15	88.89	92.31	85.71
1136	12	93.33	87.5	100.0
1137	45	82.35	79.55	85.37
1138	16	100.0	100.0	100.0
1139	30	89.55	88.24	90.91
1140	15	100.0	100.0	100.0
1141	21	90.32	87.5	93.33
1142	18	81.25	76.47	86.67
1143	23	97.67	100.0	95.45
1144	20	100.0	100.0	100.0
1145	24	88.37	95.0	82.61
1146	25	100.0	100.0	100.0
1147	24	76.47	76.47	76.47
1148	5	100.0	100.0	100.0
1149	19	100.0	100.0	100.0
1150	25	100.0	100.0	100.0
1151	35	100.0	100.0	100.0
1152	26	97.67	100.0	95.45
1153	25	87.18	89.47	85.0
1154	30	75.0	72.41	77.78
1155	14	100.0	100.0	100.0
1156	14	82.76	80.0	85.71
1157	32	87.5	91.3	84.0
1158	20	74.07	76.92	71.43
1159	17	92.86	92.86	92.86
1160	11	100.0	100.0	100.0
1161	28	80.0	81.82	78.26
1162	27	69.57	69.57	69.57
1163	29	77.97	76.67	79.31
1164	18	80.0	80.0	80.0
1165	25	78.43	76.92	80.0
1166	25	97.78	95.65	100.0
1167	21	91.89	94.44	89.47
1168	39	96.88	96.88	96.88
1169	10	100.0	100.0	100.0
1170	26	100.0	100.0	100.0
1171	28	80.95	77.27	85.0
1172	54	90.11	89.13	91.11
1173	21	100.0	100.0	100.0
1174	26	95.24	90.91	100.0
1175	42	89.29	89.29	89.29
1176	34	90.91	92.59	89.29
1177	37	83.64	82.14	85.19
1178	39	98.41	100.0	96.88
1179	34	89.66	89.66	89.66
1180	38	98.55	100.0	97.14
1181	25	95.65	95.65	95.65
1182	45	96.0	94.74	97.3
1183	17	92.31	92.31	92.31
1184	47	95.77	97.14	94.44
1185	32	100.0	100.0	100.0
1186	19	66.67	64.71	68.75
1187	12	76.92	71.43	83.33
1188	23	78.05	72.73	84.21
1189	29	80.85	79.17	82.61
1190	18	100.0	100.0	100.0
1191	25	100.0	100.0	100.0
1192	30	86.79	85.19	88.46
1193	28	95.45	95.45	95.45
1194	22	89.47	85.0	94.44
1195	34	90.91	86.21	96.15
1196	36	96.15	92.59	100.0
1197	18	62.5	58.82	66.67
1198	34	89.36	91.3	87.5
1199	38	88.89	88.89	88.89
1200	24	91.43	84.21	100.0
1201	19	100.0	100.0	100.0
1202	21	100.0	100.0	100.0
1203	22	100.0	100.0	100.0
1204	13	100.0	100.0	100.0
1205	20	100.0	100.0	100.0
1206	17	96.55	100.0	93.33
1207	28	91.67	88.0	95.65
1208	18	100.0	100.0	100.0
1209	28	85.11	83.33	86.96
1210	30	78.95	75.0	83.33
1211	25	96.97	94.12	100.0
1212	18	100.0	100.0	100.0
1213	19	93.33	93.33	93.33
1214	21	89.66	86.67	92.86
1215	14	88.89	88.89	88.89
1216	24	87.5	87.5	87.5
1217	37	100.0	100.0	100.0
1218	12	94.12	88.89	100.0
1219	31	93.1	93.1	93.1
1220	20	90.91	93.75	88.24
1221	36	87.72	86.21	89.29
1222	26	85.71	78.95	93.75
1223	54	78.57	76.74	80.49
1224	33	95.08	100.0	90.62
1225	32	100.0	100.0	100.0
1226	12	96.0	100.0	92.31
1227	37	77.97	82.14	74.19
1228	14	100.0	100.0	100.0
1229	24	100.0	100.0	100.0
1230	24	96.0	92.31	100.0
1231	26	97.67	100.0	95.45
1232	28	100.0	100.0	100.0
1233	23	97.44	95.0	100.0
1234	20	100.0	100.0	100.0
1235	23	100.0	100.0	100.0
1236	30	100.0	100.0	100.0
1237	16	100.0	100.0	100.0
1238	44	82.67	81.58	83.78
1239	33	85.0	85.0	85.0
1240	18	96.0	100.0	92.31
1241	20	100.0	100.0	100.0
1242	40	89.66	86.67	92.86
1243	17	93.75	93.75	93.75
1244	18	100.0	100.0	100.0
1245	40	92.75	94.12	91.43
1246	35	90.32	96.55	84.85
1247	24	58.54	54.55	63.16
1248	15	100.0	100.0	100.0
1249	19	75.86	73.33	78.57
1250	32	96.0	96.0	96.0
1251	41	94.12	94.12	94.12
1252	22	100.0	100.0	100.0
1253	22	91.89	89.47	94.44
1254	31	98.46	100.0	96.97
1255	40	100.0	100.0	100.0
1256	40	89.29	92.59	86.21
1257	6	100.0	100.0	100.0
1258	43	81.48	75.86	88.0
1259	46	85.71	85.71	85.71
1260	23	100.0	100.0	100.0
1261	37	98.36	100.0	96.77
1262	15	92.31	100.0	85.71
1263	20	96.55	93.33	100.0
1264	23	58.06	52.94	64.29
1265	30	66.67	65.22	68.18
1266	20	90.32	93.33	87.5
1267	15	61.54	66.67	57.14
1268	51	77.14	77.14	77.14
1269	42	91.53	96.43	87.1
1270	31	86.36	86.36	86.36
1271	34	65.31	66.67	64.0
1272	29	100.0	100.0	100.0
1273	19	100.0	100.0	100.0
1274	24	87.18	89.47	85.0
1275	13	100.0	100.0	100.0
1276	34	97.44	95.0	100.0
1277	28	84.44	86.36	82.61
1278	14	95.24	90.91	100.0
1279	17	57.14	57.14	57.14
1280	34	91.67	91.67	91.67
1281	10	100.0	100.0	100.0
1282	21	96.0	92.31	100.0
1283	26	63.41	61.9	65.0
1284	12	75.0	66.67	85.71
1285	11	100.0	100.0	100.0
1286	40	86.21	89.29	83.33
1287	36	88.89	86.96	90.91
1288	35	73.08	76.0	70.37
1289	20	90.91	93.75	88.24
1290	19	88.0	84.62	91.67
1291	37	81.63	80.0	83.33
1292	13	100.0	100.0	100.0
1293	8	100.0	100.0	100.0
1294	22	70.27	65.0	76.47
1295	40	90.41	89.19	91.67
1296	32	100.0	100.0	100.0
1297	20	93.75	93.75	93.75
1298	29	76.0	76.0	76.0
1299	27	73.68	73.68	73.68
1300	27	91.43	100.0	84.21
1301	26	100.0	100.0	100.0
1302	11	100.0	100.0	100.0
1303	40	83.78	81.58	86.11
1304	27	97.44	100.0	95.0
1305	17	66.67	57.14	80.0
1306	50	88.57	88.57	88.57
1307	24	87.8	85.71	90.0
1308	29	95.83	100.0	92.0
1309	38	100.0	100.0	100.0
1310	24	87.18	89.47	85.0
1311	10	100.0	100.0	100.0
1312	25	94.44	94.44	94.44
1313	22	100.0	100.0	100.0
1314	22	90.91	83.33	100.0
1315	33	97.78	95.65	100.0
1316	31	57.89	61.11	55.0
1317	27	70.59	70.59	70.59
1318	25	76.47	68.42	86.67
1319	32	96.43	93.1	100.0
1320	34	97.78	95.65	100.0
1321	20	88.89	88.89	88.89
1322	39	85.71	83.33	88.24
1323	45	98.51	97.06	100.0
1324	21	96.55	93.33	100.0
1325	30	90.2	92.0	88.46
1326	17	100.0	100.0	100.0
1327	23	100.0	100.0	100.0
1328	24	100.0	100.0	100.0
1329	47	98.51	97.06	100.0
1330	9	100.0	100.0	100.0
1331	16	90.91	88.24	93.75
1332	38	74.07	74.07	74.07
1333	34	80.0	78.57	81.48
1334	19	96.55	100.0	93.33
1335	19	100.0	100.0	100.0
1336	15	100.0	100.0	100.0
1337	20	85.71	75.0	100.0
1338	34	92.31	92.31	92.31
1339	46	95.52	94.12	96.97
1340	24	89.66	92.86	86.67
1341	52	77.92	83.33	73.17
1342	30	74.58	75.86	73.33
1343	19	96.55	100.0	93.33
1344	32	94.55	96.3	92.86
1345	62	85.42	83.67	87.23
1346	25	76.19	84.21	69.57
1347	27	100.0	100.0	100.0
1348	46	74.29	78.79	70.27
1349	39	92.31	92.31	92.31
1350	19	89.66	92.86	86.67
1351	33	78.43	74.07	83.33
1352	9	80.0	80.0	80.0
1353	17	100.0	100.0	100.0
1354	38	94.74	93.1	96.43
1355	38	95.52	96.97	94.12
1356	13	100.0	100.0	100.0
1357	30	100.0	100.0	100.0
1358	43	84.85	87.5	82.35
1359	30	92.68	90.48	95.0
1360	33	92.31	94.74	90.0
1361	21	83.33	83.33	83.33
1362	30	90.2	92.0	88.46
1363	12	100.0	100.0	100.0
1364	39	98.41	100.0	96.88
1365	14	90.0	81.82	100.0
1366	18	95.65	91.67	100.0
1367	40	91.43	91.43	91.43
1368	41	97.06	97.06	97.06
1369	9	100.0	100.0	100.0
1370	20	97.44	100.0	95.0
1371	19	100.0	100.0	100.0
1372	24	100.0	100.0	100.0
1373	26	82.61	82.61	82.61
1374	7	100.0	100.0	100.0
1375	36	77.97	71.88	85.19
1376	27	88.89	84.21	94.12
1377	12	100.0	100.0	100.0
1378	18	96.55	100.0	93.33
1379	12	100.0	100.0	100.0
1380	43	90.14	96.97	84.21
1381	22	97.14	94.44	100.0
1382	25	88.37	86.36	90.48
1383	23	100.0	100.0	100.0
1384	8	88.89	88.89	88.89
1385	27	100.0	100.0	100.0
1386	28	46.15	40.91	52.94
1387	35	100.0	100.0	100.0
1388	13	100.0	100.0	100.0
1389	26	100.0	100.0	100.0
1390	12	100.0	100.0	100.0
1391	40	98.18	100.0	96.43
1392	24	69.77	68.18	71.43
1393	22	96.97	94.12	100.0
1394	24	100.0	100.0	100.0
1395	40	89.19	89.19	89.19
1396	9	100.0	100.0	100.0
1397	17	100.0	100.0	100.0
1398	10	100.0	100.0	100.0
1399	30	88.89	90.91	86.96
1400	23	100.0	100.0	100.0
1401	25	90.48	90.48	90.48
1402	9	93.33	100.0	87.5
1403	19	85.71	92.31	80.0
1404	13	100.0	100.0	100.0
1405	12	93.33	100.0	87.5
1406	16	100.0	100.0	100.0
1407	30	96.15	92.59	100.0
1408	26	85.71	84.0	87.5
1409	16	100.0	100.0	100.0
1410	33	92.0	92.0	92.0
1411	20	100.0	100.0	100.0
1412	27	82.93	80.95	85.0
1413	8	100.0	100.0	100.0
1414	33	96.77	96.77	96.77
1415	15	100.0	100.0	100.0
1416	6	44.44	40.0	50.0
1417	6	100.0	100.0	100.0
1418	8	100.0	100.0	100.0
1419	25	96.97	100.0	94.12
1420	11	88.89	100.0	80.0
1421	27	97.14	100.0	94.44
1422	21	91.43	94.12	88.89
1423	24	94.44	94.44	94.44
1424	26	73.68	73.68	73.68
1425	12	94.12	100.0	88.89
1426	26	93.62	95.65	91.67
1427	18	96.3	100.0	92.86
1428	19	100.0	100.0	100.0
1429	28	84.44	86.36	82.61
1430	29	94.74	94.74	94.74
1431	16	100.0	100.0	100.0
1432	5	57.14	50.0	66.67
1433	12	70.0	70.0	70.0
1434	15	100.0	100.0	100.0
1435	34	88.89	92.31	85.71
1436	14	93.33	100.0	87.5
1437	11	100.0	100.0	100.0
1438	24	97.96	100.0	96.0
1439	25	86.36	86.36	86.36
1440	10	100.0	100.0	100.0
1441	29	90.91	83.33	100.0
1442	17	100.0	100.0	100.0
1443	25	77.27	68.0	89.47
1444	19	85.71	83.33	88.24
1445	16	69.57	61.54	80.0
1446	6	72.73	66.67	80.0
1447	11	94.12	100.0	88.89
1448	19	75.0	80.0	70.59
1449	34	76.92	71.43	83.33
1450	17	91.89	94.44	89.47
1451	14	100.0	100.0	100.0
1452	20	100.0	100.0	100.0
1453	18	81.48	78.57	84.62
1454	18	100.0	100.0	100.0
1455	27	70.37	67.86	73.08
1456	32	97.87	95.83	100.0
1457	12	94.74	90.0	100.0
1458	12	95.24	100.0	90.91
1459	13	100.0	100.0	100.0
1460	22	84.21	84.21	84.21
1461	27	95.45	91.3	100.0
1462	3	100.0	100.0	100.0
1463	25	86.96	90.91	83.33
1464	28	87.18	85.0	89.47
1465	17	88.89	92.31	85.71
1466	21	100.0	100.0	100.0
1467	28	90.0	90.0	90.0
1468	17	88.89	92.31	85.71
1469	24	64.86	63.16	66.67
1470	13	100.0	100.0	100.0
1471	8	66.67	60.0	75.0
1472	16	75.0	75.0	75.0
1473	36	93.02	95.24	90.91
1474	31	100.0	100.0	100.0
1475	28	96.3	96.3	96.3
1476	31	87.27	88.89	85.71
1477	22	83.72	78.26	90.0
1478	27	90.91	90.91	90.91
1479	23	75.0	75.0	75.0
1480	24	90.91	88.24	93.75
1481	30	100.0	100.0	100.0
1482	19	86.96	76.92	100.0
1483	13	100.0	100.0	100.0
1484	13	70.0	63.64	77.78
1485	9	100.0	100.0	100.0
1486	11	90.91	90.91	90.91
1487	40	87.72	92.59	83.33
1488	21	88.24	83.33	93.75
1489	6	85.71	75.0	100.0
1490	19	100.0	100.0	100.0
1491	15	88.0	91.67	84.62
1492	43	80.0	77.42	82.76
1493	21	88.0	84.62	91.67
1494	22	72.0	69.23	75.0
1495	16	85.71	85.71	85.71
1496	34	73.68	75.0	72.41
1497	17	69.57	80.0	61.54
1498	2	100.0	100.0	100.0
1499	16	75.0	69.23	81.82
1500	16	78.26	90.0	69.23
1501	29	70.0	70.0	70.0
1502	40	88.52	87.1	90.0
1503	46	47.76	47.06	48.48
1504	19	82.35	87.5	77.78
1505	22	81.25	76.47	86.67
1506	17	78.79	81.25	76.47
1507	11	100.0	100.0	100.0
1508	30	97.44	100.0	95.0
1509	31	97.78	95.65	100.0
1510	31	97.56	95.24	100.0
1511	36	95.38	93.94	96.88
1512	24	100.0	100.0	100.0
1513	21	100.0	100.0	100.0
1514	12	92.31	92.31	92.31
1515	39	68.66	69.7	67.65
1516	39	88.14	89.66	86.67
1517	24	88.24	88.24	88.24
1518	17	84.62	78.57	91.67
1519	3	66.67	50.0	100.0
1520	37	60.0	56.76	63.64
1521	26	77.55	79.17	76.0
1522	34	97.96	96.0	100.0
1523	40	73.97	75.0	72.97
1524	35	84.06	78.38	90.62
1525	33	56.67	56.67	56.67
1526	10	100.0	100.0	100.0
1527	48	78.69	77.42	80.0
1528	11	66.67	63.64	70.0
1529	16	72.73	72.73	72.73
1530	19	92.86	92.86	92.86
1531	25	95.24	90.91	100.0
1532	56	83.12	82.05	84.21
1533	41	81.82	77.14	87.1
1534	26	100.0	100.0	100.0
1535	12	62.5	62.5	62.5
1536	26	86.36	90.48	82.61
1537	21	100.0	100.0	100.0
1538	33	73.47	72.0	75.0
1539	16	80.0	72.73	88.89
1540	46	78.87	80.0	77.78
1541	30	79.07	77.27	80.95
1542	24	75.56	70.83	80.95
1543	26	76.19	76.19	76.19
1544	36	86.57	87.88	85.29
1545	22	90.0	90.0	90.0
1546	23	93.75	93.75	93.75
1547	28	100.0	100.0	100.0
1548	21	81.48	78.57	84.62
1549	3	40.0	33.33	50.0
1550	18	85.71	80.0	92.31
1551	15	100.0	100.0	100.0
1552	4	66.67	75.0	60.0
1553	25	92.86	86.67	100.0
1554	25	100.0	100.0	100.0
1555	32	84.0	84.0	84.0
1556	22	84.85	87.5	82.35
1557	15	90.0	90.0	90.0
1558	29	92.31	85.71	100.0
1559	38	73.53	78.12	69.44
1560	20	70.0	73.68	66.67
1561	32	100.0	100.0	100.0
1562	36	78.26	77.14	79.41
1563	17	95.65	100.0	91.67
1564	14	96.0	92.31	100.0
1565	28	97.3	100.0	94.74
1566	22	100.0	100.0	100.0
1567	28	100.0	100.0	100.0
1568	18	100.0	100.0	100.0
1569	38	88.89	88.89	88.89
1570	24	97.3	100.0	94.74
1571	8	100.0	100.0	100.0
1572	32	100.0	100.0	100.0
1573	40	82.76	82.76	82.76
1574	31	68.18	68.18	68.18
1575	12	100.0	100.0	100.0
1576	15	100.0	100.0	100.0
1577	26	87.18	80.95	94.44
1578	20	100.0	100.0	100.0
1579	9	100.0	100.0	100.0
1580	22	100.0	100.0	100.0
1581	49	95.24	90.91	100.0
1582	13	100.0	100.0	100.0
1583	17	95.65	91.67	100.0
1584	35	96.43	96.43	96.43
1585	25	86.49	88.89	84.21
1586	18	88.89	85.71	92.31
1587	34	81.48	75.86	88.0
1588	44	81.08	81.08	81.08
1589	13	93.33	100.0	87.5
1590	28	86.96	86.96	86.96
1591	23	74.29	72.22	76.47
1592	33	89.8	88.0	91.67
1593	8	100.0	100.0	100.0
1594	12	95.24	90.91	100.0
1595	18	82.35	82.35	82.35
1596	28	100.0	100.0	100.0
1597	21	93.75	93.75	93.75
1598	31	95.38	96.88	93.94
1599	23	97.87	100.0	95.83
1600	27	91.89	94.44	89.47
1601	16	85.71	85.71	85.71
1602	19	100.0	100.0	100.0
1603	56	83.72	83.72	83.72
1604	23	90.91	93.75	88.24
1605	11	82.35	77.78	87.5
1606	34	75.0	72.73	77.42
1607	36	54.24	51.61	57.14
1608	27	72.22	72.22	72.22
1609	37	87.88	90.62	85.29
1610	23	51.43	52.94	50.0
1611	19	82.76	92.31	75.0
1612	17	47.62	45.45	50.0
1613	29	63.83	68.18	60.0
1614	16	40.0	38.46	41.67
1615	17	69.57	66.67	72.73
1616	26	84.62	88.0	81.48
1617	29	72.22	72.22	72.22
1618	12	100.0	100.0	100.0
1619	4	66.67	66.67	66.67
1620	24	74.42	76.19	72.73
1621	13	94.12	100.0	88.89
1622	23	78.57	78.57	78.57
1623	9	100.0	100.0	100.0
1624	42	72.41	75.0	70.0
1625	12	61.54	66.67	57.14
1626	19	85.71	85.71	85.71
1627	32	85.71	88.24	83.33
1628	8	100.0	100.0	100.0
1629	33	72.0	75.0	69.23
1630	23	83.87	86.67	81.25
1631	20	96.97	100.0	94.12
1632	40	80.65	83.33	78.12
1633	49	59.26	60.38	58.18
1634	25	75.0	71.43	78.95
1635	4	100.0	100.0	100.0
1636	21	94.44	94.44	94.44
1637	8	100.0	100.0	100.0
1638	2	100.0	100.0	100.0
1639	4	66.67	66.67	66.67
1640	16	93.33	100.0	87.5
1641	13	100.0	100.0	100.0
1642	36	87.72	86.21	89.29
1643	29	89.36	87.5	91.3
1644	11	100.0	100.0	100.0
1645	19	96.77	100.0	93.75
1646	12	100.0	100.0	100.0
1647	9	100.0	100.0	100.0
1648	28	85.71	85.71	85.71
1649	38	75.47	76.92	74.07
1650	22	96.77	93.75	100.0
1651	12	85.71	81.82	90.0
1652	20	92.68	90.48	95.0
1653	9	76.92	62.5	100.0
1654	21	69.23	64.29	75.0
1655	25	66.67	61.54	72.73
1656	3	100.0	100.0	100.0
1657	40	77.19	75.86	78.57
1658	17	100.0	100.0	100.0
1659	18	92.31	92.31	92.31
1660	11	100.0	100.0	100.0
1661	15	66.67	64.29	69.23
1662	8	92.31	85.71	100.0
1663	12	95.24	90.91	100.0
1664	30	87.5	87.5	87.5
1665	20	100.0	100.0	100.0
1666	3	100.0	100.0	100.0
1667	27	91.89	89.47	94.44
1668	14	100.0	100.0	100.0
1669	15	100.0	100.0	100.0
1670	15	87.5	87.5	87.5
1671	11	100.0	100.0	100.0
1672	20	85.71	85.71	85.71
1673	16	85.71	81.82	90.0
1674	23	100.0	100.0	100.0
1675	7	100.0	100.0	100.0
1676	18	84.62	84.62	84.62
1677	26	82.05	80.0	84.21
1678	3	100.0	100.0	100.0
1679	22	100.0	100.0	100.0
1680	20	96.97	94.12	100.0
1681	13	100.0	100.0	100.0
1682	9	83.33	83.33	83.33
1683	10	100.0	100.0	100.0
1684	21	82.76	85.71	80.0
1685	12	85.71	90.0	81.82
1686	11	100.0	100.0	100.0
1687	23	87.18	89.47	85.0
1688	14	100.0	100.0	100.0
1689	16	93.33	93.33	93.33
1690	15	81.82	90.0	75.0
1691	8	66.67	75.0	60.0
1692	19	95.65	91.67	100.0
1693	13	100.0	100.0	100.0
1694	9	100.0	100.0	100.0
1695	4	100.0	100.0	100.0
1696	14	100.0	100.0	100.0
1697	32	100.0	100.0	100.0
1698	25	100.0	100.0	100.0
1699	19	81.25	81.25	81.25
1700	13	85.71	81.82	90.0
1701	11	100.0	100.0	100.0
1702	9	100.0	100.0	100.0
1703	17	100.0	100.0	100.0
1704	24	97.14	94.44	100.0
1705	10	100.0	100.0	100.0
1706	20	91.43	94.12	88.89
1707	25	85.71	85.71	85.71
1708	26	93.02	95.24	90.91
1709	17	97.3	94.74	100.0
1710	4	100.0	100.0	100.0
1711	25	91.43	94.12	88.89
1712	18	100.0	100.0	100.0
1713	42	64.1	65.79	62.5
1714	13	90.91	90.91	90.91
1715	11	100.0	100.0	100.0
1716	19	75.0	66.67	85.71
1717	29	72.73	72.73	72.73
1718	3	100.0	100.0	100.0
1719	22	73.33	73.33	73.33
1720	16	100.0	100.0	100.0
1721	15	78.57	78.57	78.57
1722	25	95.83	100.0	92.0
1723	28	93.33	91.3	95.45
1724	24	90.0	90.0	90.0
1725	28	85.11	80.0	90.91
1726	3	100.0	100.0	100.0
1727	46	80.95	80.95	80.95
1728	23	87.5	87.5	87.5
1729	12	100.0	100.0	100.0
1730	17	84.62	91.67	78.57
1731	34	93.55	93.55	93.55
1732	20	76.92	78.95	75.0
1733	29	92.59	92.59	92.59
1734	3	100.0	100.0	100.0
1735	11	100.0	100.0	100.0
1736	34	89.8	91.67	88.0
1737	17	75.86	73.33	78.57
1738	25	100.0	100.0	100.0
1739	13	87.5	77.78	100.0
1740	4	100.0	100.0	100.0
1741	36	84.75	83.33	86.21
1742	38	88.89	90.32	87.5
1743	15	76.19	80.0	72.73
1744	14	100.0	100.0	100.0
1745	25	77.78	77.78	77.78
1746	18	70.59	60.0	85.71
1747	11	100.0	100.0	100.0
1748	17	81.48	84.62	78.57
1749	5	75.0	75.0	75.0
1750	30	93.55	93.55	93.55
1751	18	100.0	100.0	100.0
1752	12	88.89	88.89	88.89
1753	23	77.78	82.35	73.68
1754	14	100.0	100.0	100.0
1755	38	80.77	80.77	80.77
1756	16	100.0	100.0	100.0
1757	17	90.91	90.91	90.91
1758	15	50.0	46.15	54.55
1759	3	0.0	0.0	0.0
1760	23	88.0	91.67	84.62
1761	7	100.0	100.0	100.0
1762	7	100.0	100.0	100.0
1763	17	71.43	76.92	66.67
1764	12	78.57	84.62	73.33
1765	10	53.33	50.0	57.14
1766	17	89.66	92.86	86.67
1767	7	33.33	28.57	40.0
1768	12	48.0	50.0	46.15
1769	19	86.49	84.21	88.89
1770	21	89.47	89.47	89.47
1771	15	66.67	66.67	66.67
1772	21	71.11	66.67	76.19
1773	11	85.71	85.71	85.71
1774	39	48.0	46.15	50.0
1775	29	80.0	70.59	92.31
1776	10	100.0	100.0	100.0
1777	49	79.52	76.74	82.5
1778	17	100.0	100.0	100.0
1779	11	83.33	83.33	83.33
1780	8	87.5	87.5	87.5
1781	14	70.97	68.75	73.33
1782	10	85.71	85.71	85.71
1783	41	83.12	88.89	78.05
1784	21	100.0	100.0	100.0
1785	2	100.0	100.0	100.0
1786	4	66.67	66.67	66.67
1787	32	83.64	85.19	82.14
1788	28	90.0	90.0	90.0
1789	21	87.8	90.0	85.71
1790	43	86.15	87.5	84.85
1791	23	72.22	76.47	68.42
1792	33	97.96	100.0	96.0
1793	11	87.5	87.5	87.5
1794	48	91.89	89.47	94.44
1795	29	89.36	87.5	91.3
1796	53	77.78	79.55	76.09
1797	16	86.67	92.86	81.25
1798	48	96.0	97.3	94.74
1799	36	96.3	96.3	96.3
1800	19	96.0	100.0	92.31
1801	5	100.0	100.0	100.0
1802	5	100.0	100.0	100.0
1803	15	85.71	90.0	81.82
1804	4	66.67	50.0	100.0
1805	12	66.67	54.55	85.71
1806	20	81.48	78.57	84.62
1807	27	100.0	100.0	100.0
1808	24	100.0	100.0	100.0
1809	18	91.67	91.67	91.67
1810	28	77.78	73.68	82.35
1811	36	75.76	75.76	75.76
1812	20	66.67	66.67	66.67
1813	19	70.97	73.33	68.75
1814	33	100.0	100.0	100.0
1815	30	73.47	69.23	78.26
1816	28	91.3	95.45	87.5
1817	16	73.68	63.64	87.5
1818	25	82.35	87.5	77.78
1819	30	58.82	55.56	62.5
1820	14	100.0	100.0	100.0
1821	23	100.0	100.0	100.0
1822	32	52.94	52.94	52.94
1823	20	90.32	93.33	87.5
1824	13	100.0	100.0	100.0
1825	47	92.5	92.5	92.5
1826	17	92.86	92.86	92.86
1827	38	87.8	90.0	85.71
1828	39	91.67	91.67	91.67
1829	27	94.74	90.0	100.0
1830	22	75.56	73.91	77.27
1831	11	88.89	88.89	88.89
1832	26	92.68	86.36	100.0
1833	14	100.0	100.0	100.0
1834	31	86.79	85.19	88.46
1835	17	96.0	100.0	92.31
1836	16	100.0	100.0	100.0
1837	21	96.0	92.31	100.0
1838	12	95.24	100.0	90.91
1839	33	91.53	93.1	90.0
1840	13	100.0	100.0	100.0
1841	21	83.87	86.67	81.25
1842	29	90.62	93.55	87.88
1843	13	85.71	75.0	100.0
1844	25	95.65	95.65	95.65
1845	16	91.67	91.67	91.67
1846	18	100.0	100.0	100.0
1847	26	100.0	100.0	100.0
1848	20	84.21	76.19	94.12
1849	38	90.0	90.0	90.0
1850	12	100.0	100.0	100.0
1851	25	93.33	100.0	87.5
1852	19	100.0	100.0	100.0
1853	16	100.0	100.0	100.0
1854	25	97.3	94.74	100.0
1855	5	100.0	100.0	100.0
1856	21	94.12	94.12	94.12
1857	36	86.67	86.67	86.67
1858	17	100.0	100.0	100.0
1859	20	82.35	77.78	87.5
1860	28	75.68	77.78	73.68
1861	28	68.18	65.22	71.43
1862	17	74.29	76.47	72.22
1863	25	95.65	95.65	95.65
1864	22	70.97	73.33	68.75
1865	19	100.0	100.0	100.0
1866	23	92.68	90.48	95.0
1867	37	93.62	91.67	95.65
1868	7	100.0	100.0	100.0
1869	27	85.71	85.71	85.71
1870	20	100.0	100.0	100.0
1871	11	100.0	100.0	100.0
1872	5	100.0	100.0	100.0
1873	39	66.67	66.67	66.67
1874	12	100.0	100.0	100.0
1875	15	100.0	100.0	100.0
1876	9	100.0	100.0	100.0
1877	48	93.67	92.5	94.87
1878	7	100.0	100.0	100.0
1879	15	100.0	100.0	100.0
1880	24	100.0	100.0	100.0
1881	61	95.33	96.23	94.44
1882	6	50.0	100.0	33.33
1883	23	100.0	100.0	100.0
1884	3	100.0	100.0	100.0
1885	4	80.0	100.0	66.67
1886	14	100.0	100.0	100.0
1887	3	100.0	100.0	100.0
1888	22	94.44	94.44	94.44
1889	17	81.48	78.57	84.62
1890	10	100.0	100.0	100.0
1891	3	100.0	100.0	100.0
1892	3	66.67	100.0	50.0
1893	15	77.78	77.78	77.78
1894	3	100.0	100.0	100.0
1895	7	57.14	100.0	40.0
1896	11	100.0	100.0	100.0
1897	10	100.0	100.0	100.0
1898	56	100.0	100.0	100.0
1899	3	100.0	100.0	100.0
1900	15	100.0	100.0	100.0
1901	15	100.0	100.0	100.0
1902	4	100.0	100.0	100.0
1903	25	96.97	100.0	94.12
1904	28	82.93	80.95	85.0
1905	7	100.0	100.0	100.0
1906	7	100.0	100.0	100.0
1907	15	95.24	90.91	100.0
1908	3	100.0	100.0	100.0
1909	30	97.44	100.0	95.0
1910	12	100.0	100.0	100.0
1911	4	100.0	100.0	100.0
1912	60	97.96	96.0	100.0
1913	8	100.0	100.0	100.0
1914	24	97.14	100.0	94.44
1915	21	70.97	73.33	68.75
1916	4	100.0	100.0	100.0
1917	20	100.0	100.0	100.0
1918	15	100.0	100.0	100.0
1919	3	100.0	100.0	100.0
1920	34	80.95	80.95	80.95
1921	10	100.0	100.0	100.0
1922	11	100.0	100.0	100.0
1923	12	70.0	63.64	77.78
1924	20	94.12	88.89	100.0
1925	6	100.0	100.0	100.0
1926	9	100.0	100.0	100.0
1927	17	82.76	80.0	85.71
1928	19	100.0	100.0	100.0
1929	6	100.0	100.0	100.0
1930	6	66.67	100.0	50.0
1931	3	66.67	100.0	50.0
1932	20	88.89	92.31	85.71
1933	23	100.0	100.0	100.0
1934	8	87.5	87.5	87.5
1935	34	82.76	85.71	80.0
1936	21	100.0	100.0	100.0
1937	11	90.0	90.0	90.0
1938	17	100.0	100.0	100.0
1939	42	94.44	94.44	94.44
1940	20	96.97	94.12	100.0
1941	12	100.0	100.0	100.0
1942	29	100.0	100.0	100.0
1943	18	93.75	93.75	93.75
1944	7	100.0	100.0	100.0
1945	12	100.0	100.0	100.0
1946	8	100.0	100.0	100.0
1947	42	94.59	94.59	94.59
1948	14	73.68	77.78	70.0
1949	38	95.0	95.0	95.0
1950	29	63.64	63.64	63.64
1951	33	100.0	100.0	100.0
1952	25	100.0	100.0	100.0
1953	50	82.19	81.08	83.33
1954	38	83.58	80.0	87.5
1955	31	90.48	95.0	86.36
1956	23	84.85	77.78	93.33
1957	31	85.71	81.82	90.0
1958	23	96.3	92.86	100.0
1959	10	90.0	90.0	90.0
1960	23	97.56	95.24	100.0
1961	27	100.0	100.0	100.0
1962	22	100.0	100.0	100.0
1963	29	91.3	87.5	95.45
1964	34	83.33	86.96	80.0
1965	15	100.0	100.0	100.0
1966	44	94.44	91.89	97.14
1967	40	77.78	73.68	82.35
1968	21	81.08	75.0	88.24
1969	15	100.0	100.0	100.0
1970	22	100.0	100.0	100.0
1971	18	81.48	78.57	84.62
1972	18	83.87	81.25	86.67
1973	37	85.71	85.71	85.71
1974	6	83.33	100.0	71.43
1975	19	91.67	91.67	91.67
1976	15	100.0	100.0	100.0
1977	31	81.82	85.71	78.26
1978	23	88.89	85.71	92.31
1979	28	91.3	91.3	91.3
1980	22	94.12	100.0	88.89
1981	16	100.0	100.0	100.0
1982	52	87.67	86.49	88.89
1983	25	84.85	73.68	100.0
1984	33	89.19	94.29	84.62
1985	16	88.89	92.31	85.71
1986	25	85.0	85.0	85.0
1987	47	89.41	88.37	90.48
1988	22	75.0	66.67	85.71
1989	31	92.31	92.31	92.31
1990	33	86.27	78.57	95.65
1991	18	100.0	100.0	100.0
1992	16	97.44	95.0	100.0
1993	21	100.0	100.0	100.0
1994	17	91.67	91.67	91.67
1995	31	96.97	100.0	94.12
1996	42	93.55	93.55	93.55
1997	14	100.0	100.0	100.0
1998	11	100.0	100.0	100.0
1999	12	100.0	100.0	100.0
2000	25	88.37	82.61	95.0
2001	24	86.96	86.96	86.96
2002	3	100.0	100.0	100.0
2003	29	88.37	100.0	79.17
2004	19	100.0	100.0	100.0
2005	44	98.41	96.88	100.0
2006	26	100.0	100.0	100.0
2007	17	100.0	100.0	100.0
2008	45	91.8	93.33	90.32
2009	19	93.33	93.33	93.33
2010	21	100.0	100.0	100.0
2011	18	100.0	100.0	100.0
2012	27	89.8	91.67	88.0
2013	30	78.57	73.33	84.62
2014	23	100.0	100.0	100.0
2015	22	94.74	94.74	94.74
2016	28	97.56	100.0	95.24
2017	29	79.07	80.95	77.27
2018	50	90.32	90.32	90.32
2019	21	83.33	83.33	83.33
2020	53	95.83	95.83	95.83
2021	35	91.8	90.32	93.33
2022	29	98.18	100.0	96.43
2023	6	100.0	100.0	100.0
2024	11	100.0	100.0	100.0
2025	36	96.77	93.75	100.0
2026	14	77.42	75.0	80.0
2027	61	90.38	92.16	88.68
2028	34	91.23	96.3	86.67
2029	32	81.63	80.0	83.33
2030	51	86.57	80.56	93.55
2031	27	100.0	100.0	100.0
2032	38	90.91	90.91	90.91
2033	32	100.0	100.0	100.0
2034	21	90.0	90.0	90.0
2035	33	77.97	76.67	79.31
2036	39	94.59	94.59	94.59
2037	50	84.34	87.5	81.4
2038	50	98.59	100.0	97.22
2039	32	94.12	92.31	96.0
2040	20	97.44	95.0	100.0
2041	10	100.0	100.0	100.0
2042	42	98.55	100.0	97.14
2043	25	100.0	100.0	100.0
2044	38	88.89	87.5	90.32
2045	25	69.23	56.25	90.0
2046	9	92.31	100.0	85.71
2047	12	82.35	87.5	77.78
2048	7	90.91	100.0	83.33
2049	6	66.67	100.0	50.0
2050	12	94.12	88.89	100.0
2051	5	100.0	100.0	100.0
2052	10	100.0	100.0	100.0
2053	4	100.0	100.0	100.0
2054	14	80.0	80.0	80.0
2055	4	100.0	100.0	100.0
2056	18	100.0	100.0	100.0
2057	4	100.0	100.0	100.0
2058	12	100.0	100.0	100.0
2059	3	100.0	100.0	100.0
2060	10	100.0	100.0	100.0
2061	3	100.0	100.0	100.0
2062	9	100.0	100.0	100.0
2063	4	100.0	100.0	100.0
2064	9	100.0	100.0	100.0
2065	5	100.0	100.0	100.0
2066	11	100.0	100.0	100.0
2067	3	100.0	100.0	100.0
2068	8	100.0	100.0	100.0
2069	3	100.0	100.0	100.0
2070	9	100.0	100.0	100.0
2071	2	100.0	100.0	100.0
2072	18	72.73	72.73	72.73
2073	4	100.0	100.0	100.0
2074	19	95.24	100.0	90.91
2075	5	100.0	100.0	100.0
2076	19	69.57	72.73	66.67
2077	4	100.0	100.0	100.0
2078	39	70.27	72.22	68.42
2079	6	66.67	100.0	50.0
2080	14	100.0	100.0	100.0
2081	2	66.67	100.0	50.0
2082	25	66.67	70.0	63.64
2083	6	100.0	100.0	100.0
2084	19	64.0	66.67	61.54
2085	4	100.0	100.0	100.0
2086	11	93.33	87.5	100.0
2087	9	53.33	66.67	44.44
2088	13	100.0	100.0	100.0
2089	10	66.67	66.67	66.67
2090	16	70.0	70.0	70.0
2091	5	100.0	100.0	100.0
2092	17	88.89	88.89	88.89
2093	8	66.67	100.0	50.0
2094	22	100.0	100.0	100.0
2095	38	86.15	87.5	84.85
2096	33	86.27	84.62	88.0
2097	10	85.71	75.0	100.0
2098	36	94.34	96.15	92.59
2099	13	88.89	85.71	92.31
2100	7	100.0	100.0	100.0
2101	13	100.0	100.0	100.0
2102	18	100.0	100.0	100.0
2103	28	69.57	69.57	69.57
2104	38	83.02	84.62	81.48
2105	24	74.29	76.47	72.22
2106	20	82.93	85.0	80.95
2107	25	89.47	85.0	94.44
2108	21	96.77	93.75	100.0
2109	24	94.44	94.44	94.44
2110	18	95.24	90.91	100.0
2111	47	63.64	62.22	65.12
2112	32	95.65	100.0	91.67
2113	15	82.76	85.71	80.0
2114	34	96.0	96.0	96.0
2115	28	97.78	95.65	100.0
2116	30	82.14	82.14	82.14
2117	26	95.0	95.0	95.0
2118	40	82.19	81.08	83.33
2119	14	84.62	84.62	84.62
2120	19	91.67	100.0	84.62
2121	19	75.68	77.78	73.68
2122	7	100.0	100.0	100.0
2123	24	83.33	88.24	78.95
2124	16	96.55	93.33	100.0
2125	18	100.0	100.0	100.0
2126	13	100.0	100.0	100.0
2127	11	100.0	100.0	100.0
2128	18	88.0	84.62	91.67
2129	37	73.47	75.0	72.0
2130	25	86.49	94.12	80.0
2131	13	100.0	100.0	100.0
2132	32	82.61	82.61	82.61
2133	15	95.24	90.91	100.0
2134	33	86.96	86.96	86.96
2135	36	98.18	96.43	100.0
2136	26	92.68	90.48	95.0
2137	9	100.0	100.0	100.0
2138	7	83.33	83.33	83.33
2139	28	87.18	80.95	94.44
2140	15	86.67	86.67	86.67
2141	8	83.33	83.33	83.33
2142	5	57.14	66.67	50.0
2143	13	72.0	69.23	75.0
2144	15	84.62	84.62	84.62
2145	41	83.02	78.57	88.0
2146	16	88.89	92.31	85.71
2147	23	96.97	94.12	100.0
2148	20	61.54	54.55	70.59
2149	26	87.8	85.71	90.0
2150	31	72.41	67.74	77.78
2151	19	100.0	100.0	100.0
2152	37	85.25	86.67	83.87
2153	20	100.0	100.0	100.0
2154	18	89.66	86.67	92.86
2155	26	100.0	100.0	100.0
2156	24	92.31	92.31	92.31
2157	27	92.59	96.15	89.29
2158	6	100.0	100.0	100.0
2159	50	76.47	78.79	74.29
2160	19	96.55	100.0	93.33
2161	31	71.43	71.43	71.43
2162	45	73.24	68.42	78.79
2163	15	75.0	75.0	75.0
2164	32	84.51	83.33	85.71
2165	17	80.0	76.92	83.33
2166	5	100.0	100.0	100.0
2167	17	100.0	100.0	100.0
2168	22	90.32	87.5	93.33
2169	15	100.0	100.0	100.0
2170	8	66.67	54.55	85.71
2171	20	85.71	88.24	83.33
2172	10	72.73	66.67	80.0
2173	10	85.71	85.71	85.71
2174	23	96.97	94.12	100.0
2175	33	54.55	51.43	58.06
2176	28	96.77	93.75	100.0
2177	20	100.0	100.0	100.0
2178	23	83.33	93.75	75.0
2179	40	80.65	75.76	86.21
2180	15	70.0	70.0	70.0
2181	40	94.92	96.55	93.33
2182	30	100.0	100.0	100.0
2183	11	100.0	100.0	100.0
2184	41	91.3	84.0	100.0
2185	33	88.89	88.89	88.89
2186	26	100.0	100.0	100.0
2187	8	100.0	100.0	100.0
2188	40	88.61	87.5	89.74
2189	27	100.0	100.0	100.0
2190	21	100.0	100.0	100.0
2191	42	77.78	77.78	77.78
2192	20	100.0	100.0	100.0
2193	54	89.66	88.64	90.7
2194	41	92.75	91.43	94.12
2195	5	28.57	20.0	50.0
2196	32	73.33	73.33	73.33
2197	20	90.91	83.33	100.0
2198	15	95.24	90.91	100.0
2199	19	74.07	71.43	76.92
2200	16	100.0	100.0	100.0
2201	14	100.0	100.0	100.0
2202	13	100.0	100.0	100.0
2203	43	92.54	93.94	91.18
2204	13	80.0	75.0	85.71
2205	26	85.71	84.0	87.5
2206	42	84.0	80.77	87.5
2207	30	97.87	100.0	95.83
2208	16	100.0	100.0	100.0
2209	2	0.0	0.0	0.0
2210	3	50.0	50.0	50.0
2211	24	100.0	100.0	100.0
2212	15	100.0	100.0	100.0
2213	17	90.0	90.0	90.0
2214	26	100.0	100.0	100.0
2215	13	94.12	88.89	100.0
2216	26	95.24	95.24	95.24
2217	10	100.0	100.0	100.0
2218	26	94.44	94.44	94.44
2219	20	100.0	100.0	100.0
2220	50	82.35	80.0	84.85
2221	15	85.71	85.71	85.71
2222	24	100.0	100.0	100.0
2223	29	90.91	86.96	95.24
2224	34	82.61	79.17	86.36
2225	21	100.0	100.0	100.0
2226	14	96.77	100.0	93.75
2227	28	81.63	80.0	83.33
2228	25	96.0	92.31	100.0
2229	21	100.0	100.0	100.0
2230	21	100.0	100.0	100.0
2231	24	97.44	95.0	100.0
2232	19	96.55	93.33	100.0
2233	24	78.95	83.33	75.0
2234	37	82.61	76.0	90.48
2235	33	93.33	95.45	91.3
2236	17	78.79	76.47	81.25
2237	13	91.67	91.67	91.67
2238	22	85.71	83.33	88.24
2239	41	88.89	86.96	90.91
2240	18	100.0	100.0	100.0
2241	21	100.0	100.0	100.0
2242	28	75.56	68.0	85.0
2243	29	87.8	90.0	85.71
2244	29	88.52	87.1	90.0
2245	32	100.0	100.0	100.0
2246	15	96.77	93.75	100.0
2247	24	86.67	86.67	86.67
2248	63	82.22	80.43	84.09
2249	29	98.04	100.0	96.15
2250	13	100.0	100.0	100.0
2251	14	90.0	81.82	100.0
2252	30	91.89	85.0	100.0
2253	25	96.77	100.0	93.75
2254	26	96.0	96.0	96.0
2255	20	84.21	80.0	88.89
2256	28	93.62	95.65	91.67
2257	42	78.48	75.61	81.58
2258	12	100.0	100.0	100.0
2259	13	84.62	78.57	91.67
2260	19	95.65	91.67	100.0
2261	52	84.21	84.21	84.21
2262	22	66.67	64.29	69.23
2263	38	98.31	100.0	96.67
2264	23	95.65	91.67	100.0
2265	33	100.0	100.0	100.0
2266	27	90.0	90.0	90.0
2267	13	100.0	100.0	100.0
2268	32	81.63	83.33	80.0
2269	43	88.57	86.11	91.18
2270	20	100.0	100.0	100.0
2271	28	85.71	85.71	85.71
2272	30	93.1	93.1	93.1
2273	9	100.0	100.0	100.0
2274	21	91.43	100.0	84.21
2275	22	94.74	94.74	94.74
2276	32	91.3	95.45	87.5
2277	7	100.0	100.0	100.0
2278	31	95.24	95.24	95.24
2279	31	65.62	65.62	65.62
2280	16	100.0	100.0	100.0
2281	33	93.75	93.75	93.75
2282	16	73.68	77.78	70.0
2283	27	86.96	83.33	90.91
2284	24	80.0	80.0	80.0
2285	13	100.0	100.0	100.0
2286	5	100.0	100.0	100.0
2287	16	100.0	100.0	100.0
2288	27	81.63	83.33	80.0
2289	24	92.68	90.48	95.0
2290	23	93.75	93.75	93.75
2291	6	100.0	100.0	100.0
2292	22	100.0	100.0	100.0
2293	13	72.73	72.73	72.73
2294	21	84.85	82.35	87.5
2295	22	73.33	68.75	78.57
2296	12	88.89	88.89	88.89
2297	23	100.0	100.0	100.0
2298	25	84.85	87.5	82.35
2299	12	90.91	90.91	90.91
2300	20	91.89	94.44	89.47
2301	27	85.0	80.95	89.47
2302	10	100.0	100.0	100.0
2303	24	82.93	85.0	80.95
2304	4	100.0	100.0	100.0
2305	4	100.0	100.0	100.0
2306	5	100.0	100.0	100.0
2307	26	100.0	100.0	100.0
2308	30	100.0	100.0	100.0
2309	18	100.0	100.0	100.0
2310	25	80.95	77.27	85.0
2311	33	95.45	91.3	100.0
2312	33	87.1	84.38	90.0
2313	26	86.96	86.96	86.96
2314	34	92.31	90.91	93.75
2315	19	89.66	92.86	86.67
2316	22	77.42	75.0	80.0
2317	43	87.18	82.93	91.89
2318	12	100.0	100.0	100.0
2319	19	100.0	100.0	100.0
2320	27	97.87	95.83	100.0
2321	37	100.0	100.0	100.0
2322	10	85.71	85.71	85.71
2323	36	89.8	88.0	91.67
2324	8	100.0	100.0	100.0
2325	18	92.31	92.31	92.31
2326	32	96.43	93.1	100.0
2327	17	90.91	90.91	90.91
2328	28	97.96	96.0	100.0
2329	18	30.77	25.0	40.0
2330	24	100.0	100.0	100.0
2331	23	80.0	82.35	77.78
2332	12	71.43	62.5	83.33
2333	46	87.32	88.57	86.11
2334	24	85.0	89.47	80.95
2335	20	100.0	100.0	100.0
2336	18	100.0	100.0	100.0
2337	11	100.0	100.0	100.0
2338	10	100.0	100.0	100.0
2339	26	83.72	81.82	85.71
2340	32	84.0	84.0	84.0
2341	25	94.44	94.44	94.44
2342	22	96.97	94.12	100.0
2343	19	100.0	100.0	100.0
2344	7	100.0	100.0	100.0
2345	13	100.0	100.0	100.0
2346	22	97.14	94.44	100.0
2347	21	100.0	100.0	100.0
2348	7	100.0	100.0	100.0
2349	26	100.0	100.0	100.0
2350	24	92.31	94.74	90.0
2351	28	77.78	73.68	82.35
2352	32	100.0	100.0	100.0
2353	14	66.67	66.67	66.67
2354	42	92.31	88.24	96.77
2355	29	98.04	96.15	100.0
2356	44	84.51	83.33	85.71
2357	10	100.0	100.0	100.0
2358	37	86.96	86.96	86.96
2359	31	65.0	59.09	72.22
2360	17	100.0	100.0	100.0
2361	9	100.0	100.0	100.0
2362	24	91.89	89.47	94.44
2363	19	92.86	86.67	100.0
2364	29	78.26	75.0	81.82
2365	24	84.21	80.0	88.89
2366	15	100.0	100.0	100.0
2367	26	94.12	94.12	94.12
2368	6	100.0	100.0	100.0
2369	36	100.0	100.0	100.0
2370	22	94.12	88.89	100.0
2371	31	89.23	87.88	90.62
2372	14	81.82	81.82	81.82
2373	27	87.8	85.71	90.0
2374	5	100.0	100.0	100.0
2375	14	100.0	100.0	100.0
2376	25	87.18	89.47	85.0
2377	16	100.0	100.0	100.0
2378	15	95.24	90.91	100.0
2379	24	85.71	83.33	88.24
2380	40	80.0	77.78	82.35
2381	43	92.54	91.18	93.94
2382	34	84.75	83.33	86.21
2383	31	73.17	71.43	75.0
2384	22	97.44	95.0	100.0
2385	12	55.56	50.0	62.5
2386	25	100.0	100.0	100.0
2387	48	85.0	82.93	87.18
2388	11	77.78	77.78	77.78
2389	32	100.0	100.0	100.0
2390	4	100.0	100.0	100.0
2391	18	76.92	83.33	71.43
2392	34	95.83	95.83	95.83
2393	32	97.87	95.83	100.0
2394	4	100.0	100.0	100.0
2395	21	84.85	87.5	82.35
2396	28	90.48	90.48	90.48
2397	24	93.02	90.91	95.24
2398	6	100.0	100.0	100.0
2399	16	100.0	100.0	100.0
2400	35	83.72	85.71	81.82
2401	35	81.48	84.62	78.57
2402	6	100.0	100.0	100.0
2403	14	94.12	100.0	88.89
2404	16	94.74	100.0	90.0
2405	7	100.0	100.0	100.0
2406	6	100.0	100.0	100.0
2407	13	77.78	77.78	77.78
2408	32	85.71	85.71	85.71
2409	10	100.0	100.0	100.0
2410	24	97.14	100.0	94.44
2411	11	100.0	100.0	100.0
2412	23	100.0	100.0	100.0
2413	34	78.57	78.57	78.57
2414	13	100.0	100.0	100.0
2415	13	100.0	100.0	100.0
